CN,NN,Rate Constants
c2ccc(c1ccccn1)cc2,c2ccc(c1ccccn1)nc2,0.237783296
Cc2ccc(c1ccc(F)cc1F)nc2,c2ccc(c1ccccn1)nc2,0.36897408
Cc2ccc(c1ccccc1)nc2,c2ccc(c1ccccn1)nc2,0.764303451
c2ccc(n1cccn1)cc2,c2ccc(c1ccccn1)nc2,0.764303451
c1ccc3c(c1)ccc2cccnc23,c2ccc(c1ccccn1)nc2,0.823096024
Cc3ccc(c2ccc(c1ccccc1)cc2)nc3,c2ccc(c1ccccn1)nc2,0.764303451
Cc2ccc(c1ccc(F)cc1)nc2,c2ccc(c1ccccn1)nc2,0.563170964
c3ccc(c2nc1ccccc1s2)cc3,c2ccc(c1ccccn1)nc2,1.070024832
c3ccc(c2nc1ccccc1o2)cc3,c2ccc(c1ccccn1)nc2,0.764303451
Cc3ccc(c2nc1ccccc1o2)cc3,c2ccc(c1ccccn1)nc2,0.428009933
COc3ccc(c2nc1ccccc1s2)cc3,c2ccc(c1ccccn1)nc2,1.33753104
COc3ccc(c2nc1ccccc1o2)cc3,c2ccc(c1ccccn1)nc2,0.59445824
Fc3ccc(c2nc1ccccc1o2)cc3,c2ccc(c1ccccn1)nc2,0.274365341
Clc3ccc(c2nc1ccccc1s2)cc3,c2ccc(c1ccccn1)nc2,0.823096024
Clc3ccc(c2nc1ccccc1o2)cc3,c2ccc(c1ccccn1)nc2,0.089168736
Cc2ccc(c1ccc(Cl)cc1)nc2,c2ccc(c1ccccn1)nc2,0.89168736
FC(F)(F)c3ccc(c2nc1ccccc1s2)cc3,c2ccc(c1ccccn1)nc2,0.713349888
FC(F)(F)c3ccc(c2nc1ccccc1o2)cc3,c2ccc(c1ccccn1)nc2,0.486374924
Cc2ccc(c1cccc(C#N)c1)nc2,c2ccc(c1ccccn1)nc2,0.356674944
COc2cccc(c1ccc(C)cn1)c2,c2ccc(c1ccccn1)nc2,1.07E-05
Cc2ccc(c1ccc(S(C)(=O)=O)cc1)nc2,c2ccc(c1ccccn1)nc2,1.070024832
Cc2ccc(c1ccc(OC(F)(F)F)cc1)nc2,c2ccc(c1ccccn1)nc2,0.535012416
Cc3ccc(c2ccc1ccccc1c2)nc3,c2ccc(c1ccccn1)nc2,0.66876552
Cc2ccc(c1ccc(C)cn1)cc2,c2ccc(c1ccccn1)nc2,0.66876552
Cc4ccc(c3ccc(N(c1ccccc1)c2ccccc2)cc3)nc4,c2ccc(c1ccccn1)nc2,1.07E-05
c4ccc(c3ccc(c2cc(c1ccccc1)ccn2)cc3)cc4,c2ccc(c1ccccn1)nc2,1.528606903
Fc2ccc(c1ccccn1)cc2,c2ccc(c1ccccn1)nc2,0.535012416
Cc2ccc(c1cccc(F)c1)nc2,c2ccc(c1ccccn1)nc2,0.764303451
Cc2ccc(c1ccccc1F)nc2,c2ccc(c1ccccn1)nc2,0.89168736
Cc2ccc(c1ccc(F)c(C(F)(F)F)c1)nc2,c2ccc(c1ccccn1)nc2,0.33438276
Cc2ccc(c1cccc(Cl)c1)nc2,c2ccc(c1ccccn1)nc2,1.070024832
c2ccc(Cc1ccccn1)cc2,c2ccc(c1ccccn1)nc2,0.59445824
Cc2ccc(c1ccc(C#N)cc1)nc2,c2ccc(c1ccccn1)nc2,0.713349888
CCc2ccc(c1ccccc1)nc2,c2ccc(c1ccccn1)nc2,1.070024832
Cc2cnc(c1ccccc1)cc2c3ccccc3,c2ccc(c1ccccn1)nc2,0.823096024
Fc3ccc(c2cc(c1ccccc1)ccn2)cc3,c2ccc(c1ccccn1)nc2,0.823096024
CCc2ccc(c1ccc(Cl)cc1)nc2,c2ccc(c1ccccn1)nc2,0.89168736
Clc3ccc(c2cc(c1ccccc1)ccn2)cc3,c2ccc(c1ccccn1)nc2,1.070024832
c4ccc(c3ccnc(c2ccc(N1CCCC1)cc2)c3)cc4,c2ccc(c1ccccn1)nc2,0.428009933
COc3ccc(c2cc(c1ccccc1)ccn2)cc3,c2ccc(c1ccccn1)nc2,0.89168736
COc3ccc(c2cc(c1ccccc1)c(C)cn2)cc3,c2ccc(c1ccccn1)nc2,0.823096024
CCc2ccc(c1cccc(OC)c1)nc2,c2ccc(c1ccccn1)nc2,1.07E-05
COc3cccc(c2cc(c1ccccc1)ccn2)c3,c2ccc(c1ccccn1)nc2,1.07E-05
COc2ccc(c1ccc(C)cn1)cc2,c2ccc(c1ccccn1)nc2,0.823096024
COc3cccc(c2cc(c1ccccc1)c(C)cn2)c3,c2ccc(c1ccccn1)nc2,1.07E-05
c4ccc(c3ccnc(c2ccc1ccccc1c2)c3)cc4,c2ccc(c1ccccn1)nc2,0.89168736
FC(F)(F)Oc3ccc(c2nc1ccccc1s2)cc3,c2ccc(c1ccccn1)nc2,0.764303451
c4ccc3cc(c2nc1ccccc1o2)ccc3c4,c2ccc(c1ccccn1)nc2,0.823096024
c2ccc(c1ccccn1)cc2,O=C(O)c2ccnc(c1cc(C(=O)O)ccn1)c2,1.33753104
Cc2ccc(c1ccc(F)cc1F)nc2,O=C(O)c2ccnc(c1cc(C(=O)O)ccn1)c2,0.764303451
Cc2ccc(c1ccccc1)nc2,O=C(O)c2ccnc(c1cc(C(=O)O)ccn1)c2,1.78337472
c2ccc(n1cccn1)cc2,O=C(O)c2ccnc(c1cc(C(=O)O)ccn1)c2,1.33753104
c1ccc3c(c1)ccc2cccnc23,O=C(O)c2ccnc(c1cc(C(=O)O)ccn1)c2,1.528606903
Cc3ccc(c2ccc(c1ccccc1)cc2)nc3,O=C(O)c2ccnc(c1cc(C(=O)O)ccn1)c2,1.528606903
Cc2ccc(c1ccc(F)cc1)nc2,O=C(O)c2ccnc(c1cc(C(=O)O)ccn1)c2,0.823096024
c3ccc(c2nc1ccccc1s2)cc3,O=C(O)c2ccnc(c1cc(C(=O)O)ccn1)c2,1.18891648
c3ccc(c2nc1ccccc1o2)cc3,O=C(O)c2ccnc(c1cc(C(=O)O)ccn1)c2,1.18891648
Cc3ccc(c2nc1ccccc1o2)cc3,O=C(O)c2ccnc(c1cc(C(=O)O)ccn1)c2,1.33753104
COc3ccc(c2nc1ccccc1s2)cc3,O=C(O)c2ccnc(c1cc(C(=O)O)ccn1)c2,1.33753104
COc3ccc(c2nc1ccccc1o2)cc3,O=C(O)c2ccnc(c1cc(C(=O)O)ccn1)c2,1.070024832
Fc3ccc(c2nc1ccccc1o2)cc3,O=C(O)c2ccnc(c1cc(C(=O)O)ccn1)c2,0.59445824
Clc3ccc(c2nc1ccccc1s2)cc3,O=C(O)c2ccnc(c1cc(C(=O)O)ccn1)c2,0.764303451
Clc3ccc(c2nc1ccccc1o2)cc3,O=C(O)c2ccnc(c1cc(C(=O)O)ccn1)c2,0.89168736
Cc2ccc(c1ccc(Cl)cc1)nc2,O=C(O)c2ccnc(c1cc(C(=O)O)ccn1)c2,1.18891648
FC(F)(F)c3ccc(c2nc1ccccc1s2)cc3,O=C(O)c2ccnc(c1cc(C(=O)O)ccn1)c2,0.713349888
FC(F)(F)c3ccc(c2nc1ccccc1o2)cc3,O=C(O)c2ccnc(c1cc(C(=O)O)ccn1)c2,1.070024832
Cc2ccc(c1cccc(C#N)c1)nc2,O=C(O)c2ccnc(c1cc(C(=O)O)ccn1)c2,0.764303451
COc2cccc(c1ccc(C)cn1)c2,O=C(O)c2ccnc(c1cc(C(=O)O)ccn1)c2,1.07E-05
Cc2ccc(c1ccc(S(C)(=O)=O)cc1)nc2,O=C(O)c2ccnc(c1cc(C(=O)O)ccn1)c2,1.33753104
Cc2ccc(c1ccc(OC(F)(F)F)cc1)nc2,O=C(O)c2ccnc(c1cc(C(=O)O)ccn1)c2,0.972749847
Cc3ccc(c2ccc1ccccc1c2)nc3,O=C(O)c2ccnc(c1cc(C(=O)O)ccn1)c2,1.528606903
Cc2ccc(c1ccc(C)cn1)cc2,O=C(O)c2ccnc(c1cc(C(=O)O)ccn1)c2,1.33753104
Cc4ccc(c3ccc(N(c1ccccc1)c2ccccc2)cc3)nc4,O=C(O)c2ccnc(c1cc(C(=O)O)ccn1)c2,0.267506208
c4ccc(c3ccc(c2cc(c1ccccc1)ccn2)cc3)cc4,O=C(O)c2ccnc(c1cc(C(=O)O)ccn1)c2,2.675062079
Fc2ccc(c1ccccn1)cc2,O=C(O)c2ccnc(c1cc(C(=O)O)ccn1)c2,0.972749847
Cc2ccc(c1cccc(F)c1)nc2,O=C(O)c2ccnc(c1cc(C(=O)O)ccn1)c2,1.33753104
Cc2ccc(c1ccccc1F)nc2,O=C(O)c2ccnc(c1cc(C(=O)O)ccn1)c2,1.18891648
Cc2ccc(c1ccc(F)c(C(F)(F)F)c1)nc2,O=C(O)c2ccnc(c1cc(C(=O)O)ccn1)c2,0.764303451
Cc2ccc(c1cccc(Cl)c1)nc2,O=C(O)c2ccnc(c1cc(C(=O)O)ccn1)c2,1.18891648
c2ccc(Cc1ccccn1)cc2,O=C(O)c2ccnc(c1cc(C(=O)O)ccn1)c2,1.070024832
Cc2ccc(c1ccc(C#N)cc1)nc2,O=C(O)c2ccnc(c1cc(C(=O)O)ccn1)c2,1.070024832
CCc2ccc(c1ccccc1)nc2,O=C(O)c2ccnc(c1cc(C(=O)O)ccn1)c2,1.18891648
Cc2cnc(c1ccccc1)cc2c3ccccc3,O=C(O)c2ccnc(c1cc(C(=O)O)ccn1)c2,1.33753104
Fc3ccc(c2cc(c1ccccc1)ccn2)cc3,O=C(O)c2ccnc(c1cc(C(=O)O)ccn1)c2,2.675062079
CCc2ccc(c1ccc(Cl)cc1)nc2,O=C(O)c2ccnc(c1cc(C(=O)O)ccn1)c2,1.070024832
Clc3ccc(c2cc(c1ccccc1)ccn2)cc3,O=C(O)c2ccnc(c1cc(C(=O)O)ccn1)c2,1.528606903
c4ccc(c3ccnc(c2ccc(N1CCCC1)cc2)c3)cc4,O=C(O)c2ccnc(c1cc(C(=O)O)ccn1)c2,0.465228188
COc3ccc(c2cc(c1ccccc1)ccn2)cc3,O=C(O)c2ccnc(c1cc(C(=O)O)ccn1)c2,1.78337472
COc3ccc(c2cc(c1ccccc1)c(C)cn2)cc3,O=C(O)c2ccnc(c1cc(C(=O)O)ccn1)c2,1.78337472
CCc2ccc(c1cccc(OC)c1)nc2,O=C(O)c2ccnc(c1cc(C(=O)O)ccn1)c2,1.07E-05
COc3cccc(c2cc(c1ccccc1)ccn2)c3,O=C(O)c2ccnc(c1cc(C(=O)O)ccn1)c2,0.105943053
COc2ccc(c1ccc(C)cn1)cc2,O=C(O)c2ccnc(c1cc(C(=O)O)ccn1)c2,1.18891648
COc3cccc(c2cc(c1ccccc1)c(C)cn2)c3,O=C(O)c2ccnc(c1cc(C(=O)O)ccn1)c2,1.07E-05
c4ccc(c3ccnc(c2ccc1ccccc1c2)c3)cc4,O=C(O)c2ccnc(c1cc(C(=O)O)ccn1)c2,1.78337472
FC(F)(F)Oc3ccc(c2nc1ccccc1s2)cc3,O=C(O)c2ccnc(c1cc(C(=O)O)ccn1)c2,0.972749847
c4ccc3cc(c2nc1ccccc1o2)ccc3c4,O=C(O)c2ccnc(c1cc(C(=O)O)ccn1)c2,1.070024832
c2ccc(c1ccccn1)cc2,O=c2c(=O)c1cccnc1c3ncccc23,0.15286069
Cc2ccc(c1ccc(F)cc1F)nc2,O=c2c(=O)c1cccnc1c3ncccc23,0.150707723
Cc2ccc(c1ccccc1)nc2,O=c2c(=O)c1cccnc1c3ncccc23,0.162124975
c2ccc(n1cccn1)cc2,O=c2c(=O)c1cccnc1c3ncccc23,0.164619205
c1ccc3c(c1)ccc2cccnc23,O=c2c(=O)c1cccnc1c3ncccc23,0.209808791
Cc3ccc(c2ccc(c1ccccc1)cc2)nc3,O=c2c(=O)c1cccnc1c3ncccc23,0.30572138
Cc2ccc(c1ccc(F)cc1)nc2,O=c2c(=O)c1cccnc1c3ncccc23,0.260981666
c3ccc(c2nc1ccccc1s2)cc3,O=c2c(=O)c1cccnc1c3ncccc23,0.411548012
c3ccc(c2nc1ccccc1o2)cc3,O=c2c(=O)c1cccnc1c3ncccc23,0.289195901
Cc3ccc(c2nc1ccccc1o2)cc3,O=c2c(=O)c1cccnc1c3ncccc23,0.30572138
COc3ccc(c2nc1ccccc1s2)cc3,O=c2c(=O)c1cccnc1c3ncccc23,0.509535634
COc3ccc(c2nc1ccccc1o2)cc3,O=c2c(=O)c1cccnc1c3ncccc23,0.274365341
Fc3ccc(c2nc1ccccc1o2)cc3,O=c2c(=O)c1cccnc1c3ncccc23,0.164619205
Clc3ccc(c2nc1ccccc1s2)cc3,O=c2c(=O)c1cccnc1c3ncccc23,0.314713186
Clc3ccc(c2nc1ccccc1o2)cc3,O=c2c(=O)c1cccnc1c3ncccc23,0.36897408
Cc2ccc(c1ccc(Cl)cc1)nc2,O=c2c(=O)c1cccnc1c3ncccc23,0.162124975
FC(F)(F)c3ccc(c2nc1ccccc1s2)cc3,O=c2c(=O)c1cccnc1c3ncccc23,0.314713186
FC(F)(F)c3ccc(c2nc1ccccc1o2)cc3,O=c2c(=O)c1cccnc1c3ncccc23,0.254767817
Cc2ccc(c1cccc(C#N)c1)nc2,O=c2c(=O)c1cccnc1c3ncccc23,0.100945739
COc2cccc(c1ccc(C)cn1)c2,O=c2c(=O)c1cccnc1c3ncccc23,1.07E-05
Cc2ccc(c1ccc(S(C)(=O)=O)cc1)nc2,O=c2c(=O)c1cccnc1c3ncccc23,0.237783296
Cc2ccc(c1ccc(OC(F)(F)F)cc1)nc2,O=c2c(=O)c1cccnc1c3ncccc23,0.150707723
Cc3ccc(c2ccc1ccccc1c2)nc3,O=c2c(=O)c1cccnc1c3ncccc23,0.150707723
Cc2ccc(c1ccc(C)cn1)cc2,O=c2c(=O)c1cccnc1c3ncccc23,0.113832429
Cc4ccc(c3ccc(N(c1ccccc1)c2ccccc2)cc3)nc4,O=c2c(=O)c1cccnc1c3ncccc23,1.07E-05
c4ccc(c3ccc(c2cc(c1ccccc1)ccn2)cc3)cc4,O=c2c(=O)c1cccnc1c3ncccc23,0.33438276
Fc2ccc(c1ccccn1)cc2,O=c2c(=O)c1cccnc1c3ncccc23,0.382151726
Cc2ccc(c1cccc(F)c1)nc2,O=c2c(=O)c1cccnc1c3ncccc23,0.254767817
Cc2ccc(c1ccccc1F)nc2,O=c2c(=O)c1cccnc1c3ncccc23,0.248842984
Cc2ccc(c1ccc(F)c(C(F)(F)F)c1)nc2,O=c2c(=O)c1cccnc1c3ncccc23,0.135446181
Cc2ccc(c1cccc(Cl)c1)nc2,O=c2c(=O)c1cccnc1c3ncccc23,0.201891478
c2ccc(Cc1ccccn1)cc2,O=c2c(=O)c1cccnc1c3ncccc23,0.191075863
Cc2ccc(c1ccc(C#N)cc1)nc2,O=c2c(=O)c1cccnc1c3ncccc23,0.14861456
CCc2ccc(c1ccccc1)nc2,O=c2c(=O)c1cccnc1c3ncccc23,0.209808791
Cc2cnc(c1ccccc1)cc2c3ccccc3,O=c2c(=O)c1cccnc1c3ncccc23,0.267506208
Fc3ccc(c2cc(c1ccccc1)ccn2)cc3,O=c2c(=O)c1cccnc1c3ncccc23,0.314713186
CCc2ccc(c1ccc(Cl)cc1)nc2,O=c2c(=O)c1cccnc1c3ncccc23,0.205774006
Clc3ccc(c2cc(c1ccccc1)ccn2)cc3,O=c2c(=O)c1cccnc1c3ncccc23,0.29722912
c4ccc(c3ccnc(c2ccc(N1CCCC1)cc2)c3)cc4,O=c2c(=O)c1cccnc1c3ncccc23,0.076430345
COc3ccc(c2cc(c1ccccc1)ccn2)cc3,O=c2c(=O)c1cccnc1c3ncccc23,0.33438276
COc3ccc(c2cc(c1ccccc1)c(C)cn2)cc3,O=c2c(=O)c1cccnc1c3ncccc23,0.260981666
CCc2ccc(c1cccc(OC)c1)nc2,O=c2c(=O)c1cccnc1c3ncccc23,1.07E-05
COc3cccc(c2cc(c1ccccc1)ccn2)c3,O=c2c(=O)c1cccnc1c3ncccc23,1.07E-05
COc2ccc(c1ccc(C)cn1)cc2,O=c2c(=O)c1cccnc1c3ncccc23,0.324249949
COc3cccc(c2cc(c1ccccc1)c(C)cn2)c3,O=c2c(=O)c1cccnc1c3ncccc23,1.07E-05
c4ccc(c3ccnc(c2ccc1ccccc1c2)c3)cc4,O=c2c(=O)c1cccnc1c3ncccc23,0.16719138
FC(F)(F)Oc3ccc(c2nc1ccccc1s2)cc3,O=c2c(=O)c1cccnc1c3ncccc23,0.289195901
c4ccc3cc(c2nc1ccccc1o2)ccc3c4,O=c2c(=O)c1cccnc1c3ncccc23,0.30572138
c2ccc(c1ccccn1)cc2,c1cnc3c(c1)ccc2cccnc23,0.33438276
Cc2ccc(c1ccc(F)cc1F)nc2,c1cnc3c(c1)ccc2cccnc23,0.274365341
Cc2ccc(c1ccccc1)nc2,c1cnc3c(c1)ccc2cccnc23,0.629426372
c2ccc(n1cccn1)cc2,c1cnc3c(c1)ccc2cccnc23,0.823096024
c1ccc3c(c1)ccc2cccnc23,c1cnc3c(c1)ccc2cccnc23,0.89168736
Cc3ccc(c2ccc(c1ccccc1)cc2)nc3,c1cnc3c(c1)ccc2cccnc23,1.33753104
Cc2ccc(c1ccc(F)cc1)nc2,c1cnc3c(c1)ccc2cccnc23,0.411548012
c3ccc(c2nc1ccccc1s2)cc3,c1cnc3c(c1)ccc2cccnc23,0.382151726
c3ccc(c2nc1ccccc1o2)cc3,c1cnc3c(c1)ccc2cccnc23,0.33438276
Cc3ccc(c2nc1ccccc1o2)cc3,c1cnc3c(c1)ccc2cccnc23,0.382151726
COc3ccc(c2nc1ccccc1s2)cc3,c1cnc3c(c1)ccc2cccnc23,0.972749847
COc3ccc(c2nc1ccccc1o2)cc3,c1cnc3c(c1)ccc2cccnc23,0.089168736
Fc3ccc(c2nc1ccccc1o2)cc3,c1cnc3c(c1)ccc2cccnc23,1.07E-05
Clc3ccc(c2nc1ccccc1s2)cc3,c1cnc3c(c1)ccc2cccnc23,0.169845211
Clc3ccc(c2nc1ccccc1o2)cc3,c1cnc3c(c1)ccc2cccnc23,1.07E-05
Cc2ccc(c1ccc(Cl)cc1)nc2,c1cnc3c(c1)ccc2cccnc23,0.713349888
FC(F)(F)c3ccc(c2nc1ccccc1s2)cc3,c1cnc3c(c1)ccc2cccnc23,0.59445824
FC(F)(F)c3ccc(c2nc1ccccc1o2)cc3,c1cnc3c(c1)ccc2cccnc23,0.178337472
Cc2ccc(c1cccc(C#N)c1)nc2,c1cnc3c(c1)ccc2cccnc23,0.465228188
COc2cccc(c1ccc(C)cn1)c2,c1cnc3c(c1)ccc2cccnc23,1.07E-05
Cc2ccc(c1ccc(S(C)(=O)=O)cc1)nc2,c1cnc3c(c1)ccc2cccnc23,1.18891648
Cc2ccc(c1ccc(OC(F)(F)F)cc1)nc2,c1cnc3c(c1)ccc2cccnc23,0.713349888
Cc3ccc(c2ccc1ccccc1c2)nc3,c1cnc3c(c1)ccc2cccnc23,0.59445824
Cc2ccc(c1ccc(C)cn1)cc2,c1cnc3c(c1)ccc2cccnc23,0.66876552
Cc4ccc(c3ccc(N(c1ccccc1)c2ccccc2)cc3)nc4,c1cnc3c(c1)ccc2cccnc23,0.079852599
c4ccc(c3ccc(c2cc(c1ccccc1)ccn2)cc3)cc4,c1cnc3c(c1)ccc2cccnc23,0.66876552
Fc2ccc(c1ccccn1)cc2,c1cnc3c(c1)ccc2cccnc23,0.89168736
Cc2ccc(c1cccc(F)c1)nc2,c1cnc3c(c1)ccc2cccnc23,0.713349888
Cc2ccc(c1ccccc1F)nc2,c1cnc3c(c1)ccc2cccnc23,0.823096024
Cc2ccc(c1ccc(F)c(C(F)(F)F)c1)nc2,c1cnc3c(c1)ccc2cccnc23,0.087706953
Cc2ccc(c1cccc(Cl)c1)nc2,c1cnc3c(c1)ccc2cccnc23,1.18891648
c2ccc(Cc1ccccn1)cc2,c1cnc3c(c1)ccc2cccnc23,0.972749847
Cc2ccc(c1ccc(C#N)cc1)nc2,c1cnc3c(c1)ccc2cccnc23,0.563170964
CCc2ccc(c1ccccc1)nc2,c1cnc3c(c1)ccc2cccnc23,0.89168736
Cc2cnc(c1ccccc1)cc2c3ccccc3,c1cnc3c(c1)ccc2cccnc23,0.66876552
Fc3ccc(c2cc(c1ccccc1)ccn2)cc3,c1cnc3c(c1)ccc2cccnc23,0.713349888
CCc2ccc(c1ccc(Cl)cc1)nc2,c1cnc3c(c1)ccc2cccnc23,0.972749847
Clc3ccc(c2cc(c1ccccc1)ccn2)cc3,c1cnc3c(c1)ccc2cccnc23,1.18891648
c4ccc(c3ccnc(c2ccc(N1CCCC1)cc2)c3)cc4,c1cnc3c(c1)ccc2cccnc23,0.428009933
COc3ccc(c2cc(c1ccccc1)ccn2)cc3,c1cnc3c(c1)ccc2cccnc23,0.823096024
COc3ccc(c2cc(c1ccccc1)c(C)cn2)cc3,c1cnc3c(c1)ccc2cccnc23,0.411548012
CCc2ccc(c1cccc(OC)c1)nc2,c1cnc3c(c1)ccc2cccnc23,1.07E-05
COc3cccc(c2cc(c1ccccc1)ccn2)c3,c1cnc3c(c1)ccc2cccnc23,1.07E-05
COc2ccc(c1ccc(C)cn1)cc2,c1cnc3c(c1)ccc2cccnc23,0.89168736
COc3cccc(c2cc(c1ccccc1)c(C)cn2)c3,c1cnc3c(c1)ccc2cccnc23,1.07E-05
c4ccc(c3ccnc(c2ccc1ccccc1c2)c3)cc4,c1cnc3c(c1)ccc2cccnc23,0.16719138
FC(F)(F)Oc3ccc(c2nc1ccccc1s2)cc3,c1cnc3c(c1)ccc2cccnc23,0.823096024
c4ccc3cc(c2nc1ccccc1o2)ccc3c4,c1cnc3c(c1)ccc2cccnc23,0.535012416
c2ccc(c1ccccn1)cc2,O=c2c1cccnc1c3ncccc23,1.07E-05
Cc2ccc(c1ccc(F)cc1F)nc2,O=c2c1cccnc1c3ncccc23,1.07E-05
Cc2ccc(c1ccccc1)nc2,O=c2c1cccnc1c3ncccc23,1.07E-05
c2ccc(n1cccn1)cc2,O=c2c1cccnc1c3ncccc23,0.164619205
c1ccc3c(c1)ccc2cccnc23,O=c2c1cccnc1c3ncccc23,1.07E-05
Cc3ccc(c2ccc(c1ccccc1)cc2)nc3,O=c2c1cccnc1c3ncccc23,1.07E-05
Cc2ccc(c1ccc(F)cc1)nc2,O=c2c1cccnc1c3ncccc23,1.07E-05
c3ccc(c2nc1ccccc1s2)cc3,O=c2c1cccnc1c3ncccc23,0.104904395
c3ccc(c2nc1ccccc1o2)cc3,O=c2c1cccnc1c3ncccc23,1.07E-05
Cc3ccc(c2nc1ccccc1o2)cc3,O=c2c1cccnc1c3ncccc23,0.085601987
COc3ccc(c2nc1ccccc1s2)cc3,O=c2c1cccnc1c3ncccc23,0.104904395
COc3ccc(c2nc1ccccc1o2)cc3,O=c2c1cccnc1c3ncccc23,1.07E-05
Fc3ccc(c2nc1ccccc1o2)cc3,O=c2c1cccnc1c3ncccc23,1.07E-05
Clc3ccc(c2nc1ccccc1s2)cc3,O=c2c1cccnc1c3ncccc23,0.069482132
Clc3ccc(c2nc1ccccc1o2)cc3,O=c2c1cccnc1c3ncccc23,0.066050916
Cc2ccc(c1ccc(Cl)cc1)nc2,O=c2c1cccnc1c3ncccc23,0.076980204
FC(F)(F)c3ccc(c2nc1ccccc1s2)cc3,O=c2c1cccnc1c3ncccc23,0.411548012
FC(F)(F)c3ccc(c2nc1ccccc1o2)cc3,O=c2c1cccnc1c3ncccc23,0.243187462
Cc2ccc(c1cccc(C#N)c1)nc2,O=c2c1cccnc1c3ncccc23,1.07E-05
COc2cccc(c1ccc(C)cn1)c2,O=c2c1cccnc1c3ncccc23,1.07E-05
Cc2ccc(c1ccc(S(C)(=O)=O)cc1)nc2,O=c2c1cccnc1c3ncccc23,0.267506208
Cc2ccc(c1ccc(OC(F)(F)F)cc1)nc2,O=c2c1cccnc1c3ncccc23,1.07E-05
Cc3ccc(c2ccc1ccccc1c2)nc3,O=c2c1cccnc1c3ncccc23,1.07E-05
Cc2ccc(c1ccc(C)cn1)cc2,O=c2c1cccnc1c3ncccc23,1.07E-05
Cc4ccc(c3ccc(N(c1ccccc1)c2ccccc2)cc3)nc4,O=c2c1cccnc1c3ncccc23,0.110311838
c4ccc(c3ccc(c2cc(c1ccccc1)ccn2)cc3)cc4,O=c2c1cccnc1c3ncccc23,0.142669978
Fc2ccc(c1ccccn1)cc2,O=c2c1cccnc1c3ncccc23,0.181360141
Cc2ccc(c1cccc(F)c1)nc2,O=c2c1cccnc1c3ncccc23,0.181360141
Cc2ccc(c1ccccc1F)nc2,O=c2c1cccnc1c3ncccc23,1.07E-05
Cc2ccc(c1ccc(F)c(C(F)(F)F)c1)nc2,O=c2c1cccnc1c3ncccc23,1.07E-05
Cc2ccc(c1cccc(Cl)c1)nc2,O=c2c1cccnc1c3ncccc23,1.07E-05
c2ccc(Cc1ccccn1)cc2,O=c2c1cccnc1c3ncccc23,1.07E-05
Cc2ccc(c1ccc(C#N)cc1)nc2,O=c2c1cccnc1c3ncccc23,1.07E-05
CCc2ccc(c1ccccc1)nc2,O=c2c1cccnc1c3ncccc23,1.07E-05
Cc2cnc(c1ccccc1)cc2c3ccccc3,O=c2c1cccnc1c3ncccc23,0.110311838
Fc3ccc(c2cc(c1ccccc1)ccn2)cc3,O=c2c1cccnc1c3ncccc23,0.073794816
CCc2ccc(c1ccc(Cl)cc1)nc2,O=c2c1cccnc1c3ncccc23,0.071813747
Clc3ccc(c2cc(c1ccccc1)ccn2)cc3,O=c2c1cccnc1c3ncccc23,0.181360141
c4ccc(c3ccnc(c2ccc(N1CCCC1)cc2)c3)cc4,O=c2c1cccnc1c3ncccc23,0.090680071
COc3ccc(c2cc(c1ccccc1)ccn2)cc3,O=c2c1cccnc1c3ncccc23,1.07E-05
COc3ccc(c2cc(c1ccccc1)c(C)cn2)cc3,O=c2c1cccnc1c3ncccc23,1.07E-05
CCc2ccc(c1cccc(OC)c1)nc2,O=c2c1cccnc1c3ncccc23,1.07E-05
COc3cccc(c2cc(c1ccccc1)ccn2)c3,O=c2c1cccnc1c3ncccc23,1.07E-05
COc2ccc(c1ccc(C)cn1)cc2,O=c2c1cccnc1c3ncccc23,0.070862572
COc3cccc(c2cc(c1ccccc1)c(C)cn2)c3,O=c2c1cccnc1c3ncccc23,1.07E-05
c4ccc(c3ccnc(c2ccc1ccccc1c2)c3)cc4,O=c2c1cccnc1c3ncccc23,1.07E-05
FC(F)(F)Oc3ccc(c2nc1ccccc1s2)cc3,O=c2c1cccnc1c3ncccc23,1.07E-05
c4ccc3cc(c2nc1ccccc1o2)ccc3c4,O=c2c1cccnc1c3ncccc23,0.18448704
c2ccc(c1ccccn1)cc2,Cc2ccnc(c1cc(C)ccn1)c2,1.070024832
Cc2ccc(c1ccc(F)cc1F)nc2,Cc2ccnc(c1cc(C)ccn1)c2,0.396305493
Cc2ccc(c1ccccc1)nc2,Cc2ccnc(c1cc(C)ccn1)c2,1.070024832
c2ccc(n1cccn1)cc2,Cc2ccnc(c1cc(C)ccn1)c2,0.89168736
c1ccc3c(c1)ccc2cccnc23,Cc2ccnc(c1cc(C)ccn1)c2,0.972749847
Cc3ccc(c2ccc(c1ccccc1)cc2)nc3,Cc2ccnc(c1cc(C)ccn1)c2,1.33753104
Cc2ccc(c1ccc(F)cc1)nc2,Cc2ccnc(c1cc(C)ccn1)c2,0.281585482
c3ccc(c2nc1ccccc1s2)cc3,Cc2ccnc(c1cc(C)ccn1)c2,1.78337472
c3ccc(c2nc1ccccc1o2)cc3,Cc2ccnc(c1cc(C)ccn1)c2,0.764303451
Cc3ccc(c2nc1ccccc1o2)cc3,Cc2ccnc(c1cc(C)ccn1)c2,1.070024832
COc3ccc(c2nc1ccccc1s2)cc3,Cc2ccnc(c1cc(C)ccn1)c2,2.140049664
COc3ccc(c2nc1ccccc1o2)cc3,Cc2ccnc(c1cc(C)ccn1)c2,1.070024832
Fc3ccc(c2nc1ccccc1o2)cc3,Cc2ccnc(c1cc(C)ccn1)c2,0.345169301
Clc3ccc(c2nc1ccccc1s2)cc3,Cc2ccnc(c1cc(C)ccn1)c2,1.78337472
Clc3ccc(c2nc1ccccc1o2)cc3,Cc2ccnc(c1cc(C)ccn1)c2,0.138964264
Cc2ccc(c1ccc(Cl)cc1)nc2,Cc2ccnc(c1cc(C)ccn1)c2,0.535012416
FC(F)(F)c3ccc(c2nc1ccccc1s2)cc3,Cc2ccnc(c1cc(C)ccn1)c2,1.33753104
FC(F)(F)c3ccc(c2nc1ccccc1o2)cc3,Cc2ccnc(c1cc(C)ccn1)c2,0.89168736
Cc2ccc(c1cccc(C#N)c1)nc2,Cc2ccnc(c1cc(C)ccn1)c2,0.267506208
COc2cccc(c1ccc(C)cn1)c2,Cc2ccnc(c1cc(C)ccn1)c2,1.07E-05
Cc2ccc(c1ccc(S(C)(=O)=O)cc1)nc2,Cc2ccnc(c1cc(C)ccn1)c2,1.070024832
Cc2ccc(c1ccc(OC(F)(F)F)cc1)nc2,Cc2ccnc(c1cc(C)ccn1)c2,0.289195901
Cc3ccc(c2ccc1ccccc1c2)nc3,Cc2ccnc(c1cc(C)ccn1)c2,0.89168736
Cc2ccc(c1ccc(C)cn1)cc2,Cc2ccnc(c1cc(C)ccn1)c2,0.44584368
Cc4ccc(c3ccc(N(c1ccccc1)c2ccccc2)cc3)nc4,Cc2ccnc(c1cc(C)ccn1)c2,1.07E-05
c4ccc(c3ccc(c2cc(c1ccccc1)ccn2)cc3)cc4,Cc2ccnc(c1cc(C)ccn1)c2,2.140049664
Fc2ccc(c1ccccn1)cc2,Cc2ccnc(c1cc(C)ccn1)c2,0.89168736
Cc2ccc(c1cccc(F)c1)nc2,Cc2ccnc(c1cc(C)ccn1)c2,1.18891648
Cc2ccc(c1ccccc1F)nc2,Cc2ccnc(c1cc(C)ccn1)c2,1.18891648
Cc2ccc(c1ccc(F)c(C(F)(F)F)c1)nc2,Cc2ccnc(c1cc(C)ccn1)c2,0.563170964
Cc2ccc(c1cccc(Cl)c1)nc2,Cc2ccnc(c1cc(C)ccn1)c2,1.070024832
c2ccc(Cc1ccccn1)cc2,Cc2ccnc(c1cc(C)ccn1)c2,0.16719138
Cc2ccc(c1ccc(C#N)cc1)nc2,Cc2ccnc(c1cc(C)ccn1)c2,0.535012416
CCc2ccc(c1ccccc1)nc2,Cc2ccnc(c1cc(C)ccn1)c2,1.33753104
Cc2cnc(c1ccccc1)cc2c3ccccc3,Cc2ccnc(c1cc(C)ccn1)c2,0.66876552
Fc3ccc(c2cc(c1ccccc1)ccn2)cc3,Cc2ccnc(c1cc(C)ccn1)c2,2.140049664
CCc2ccc(c1ccc(Cl)cc1)nc2,Cc2ccnc(c1cc(C)ccn1)c2,0.713349888
Clc3ccc(c2cc(c1ccccc1)ccn2)cc3,Cc2ccnc(c1cc(C)ccn1)c2,1.18891648
c4ccc(c3ccnc(c2ccc(N1CCCC1)cc2)c3)cc4,Cc2ccnc(c1cc(C)ccn1)c2,0.314713186
COc3ccc(c2cc(c1ccccc1)ccn2)cc3,Cc2ccnc(c1cc(C)ccn1)c2,1.78337472
COc3ccc(c2cc(c1ccccc1)c(C)cn2)cc3,Cc2ccnc(c1cc(C)ccn1)c2,1.33753104
CCc2ccc(c1cccc(OC)c1)nc2,Cc2ccnc(c1cc(C)ccn1)c2,1.07E-05
COc3cccc(c2cc(c1ccccc1)ccn2)c3,Cc2ccnc(c1cc(C)ccn1)c2,1.07E-05
COc2ccc(c1ccc(C)cn1)cc2,Cc2ccnc(c1cc(C)ccn1)c2,0.972749847
COc3cccc(c2cc(c1ccccc1)c(C)cn2)c3,Cc2ccnc(c1cc(C)ccn1)c2,1.07E-05
c4ccc(c3ccnc(c2ccc1ccccc1c2)c3)cc4,Cc2ccnc(c1cc(C)ccn1)c2,1.33753104
FC(F)(F)Oc3ccc(c2nc1ccccc1s2)cc3,Cc2ccnc(c1cc(C)ccn1)c2,1.78337472
c4ccc3cc(c2nc1ccccc1o2)ccc3c4,Cc2ccnc(c1cc(C)ccn1)c2,0.972749847
c2ccc(c1ccccn1)cc2,Cc3cnc2c(ccc1c(C)c(C)cnc12)c3C,0.274365341
Cc2ccc(c1ccc(F)cc1F)nc2,Cc3cnc2c(ccc1c(C)c(C)cnc12)c3C,0.095537931
Cc2ccc(c1ccccc1)nc2,Cc3cnc2c(ccc1c(C)c(C)cnc12)c3C,0.33438276
c2ccc(n1cccn1)cc2,Cc3cnc2c(ccc1c(C)c(C)cnc12)c3C,0.535012416
c1ccc3c(c1)ccc2cccnc23,Cc3cnc2c(ccc1c(C)c(C)cnc12)c3C,0.535012416
Cc3ccc(c2ccc(c1ccccc1)cc2)nc3,Cc3cnc2c(ccc1c(C)c(C)cnc12)c3C,0.764303451
Cc2ccc(c1ccc(F)cc1)nc2,Cc3cnc2c(ccc1c(C)c(C)cnc12)c3C,0.162124975
c3ccc(c2nc1ccccc1s2)cc3,Cc3cnc2c(ccc1c(C)c(C)cnc12)c3C,0.823096024
c3ccc(c2nc1ccccc1o2)cc3,Cc3cnc2c(ccc1c(C)c(C)cnc12)c3C,0.22292184
Cc3ccc(c2nc1ccccc1o2)cc3,Cc3cnc2c(ccc1c(C)c(C)cnc12)c3C,0.382151726
COc3ccc(c2nc1ccccc1s2)cc3,Cc3cnc2c(ccc1c(C)c(C)cnc12)c3C,0.59445824
COc3ccc(c2nc1ccccc1o2)cc3,Cc3cnc2c(ccc1c(C)c(C)cnc12)c3C,0.274365341
Fc3ccc(c2nc1ccccc1o2)cc3,Cc3cnc2c(ccc1c(C)c(C)cnc12)c3C,0.099076373
Clc3ccc(c2nc1ccccc1s2)cc3,Cc3cnc2c(ccc1c(C)c(C)cnc12)c3C,0.823096024
Clc3ccc(c2nc1ccccc1o2)cc3,Cc3cnc2c(ccc1c(C)c(C)cnc12)c3C,0.169845211
Cc2ccc(c1ccc(Cl)cc1)nc2,Cc3cnc2c(ccc1c(C)c(C)cnc12)c3C,0.36897408
FC(F)(F)c3ccc(c2nc1ccccc1s2)cc3,Cc3cnc2c(ccc1c(C)c(C)cnc12)c3C,0.89168736
FC(F)(F)c3ccc(c2nc1ccccc1o2)cc3,Cc3cnc2c(ccc1c(C)c(C)cnc12)c3C,0.274365341
Cc2ccc(c1cccc(C#N)c1)nc2,Cc3cnc2c(ccc1c(C)c(C)cnc12)c3C,0.260981666
COc2cccc(c1ccc(C)cn1)c2,Cc3cnc2c(ccc1c(C)c(C)cnc12)c3C,0.085601987
Cc2ccc(c1ccc(S(C)(=O)=O)cc1)nc2,Cc3cnc2c(ccc1c(C)c(C)cnc12)c3C,0.535012416
Cc2ccc(c1ccc(OC(F)(F)F)cc1)nc2,Cc3cnc2c(ccc1c(C)c(C)cnc12)c3C,0.232614094
Cc3ccc(c2ccc1ccccc1c2)nc3,Cc3cnc2c(ccc1c(C)c(C)cnc12)c3C,0.324249949
Cc2ccc(c1ccc(C)cn1)cc2,Cc3cnc2c(ccc1c(C)c(C)cnc12)c3C,0.486374924
Cc4ccc(c3ccc(N(c1ccccc1)c2ccccc2)cc3)nc4,Cc3cnc2c(ccc1c(C)c(C)cnc12)c3C,0.44584368
c4ccc(c3ccc(c2cc(c1ccccc1)ccn2)cc3)cc4,Cc3cnc2c(ccc1c(C)c(C)cnc12)c3C,0.713349888
Fc2ccc(c1ccccn1)cc2,Cc3cnc2c(ccc1c(C)c(C)cnc12)c3C,0.274365341
Cc2ccc(c1cccc(F)c1)nc2,Cc3cnc2c(ccc1c(C)c(C)cnc12)c3C,0.486374924
Cc2ccc(c1ccccc1F)nc2,Cc3cnc2c(ccc1c(C)c(C)cnc12)c3C,0.36897408
Cc2ccc(c1ccc(F)c(C(F)(F)F)c1)nc2,Cc3cnc2c(ccc1c(C)c(C)cnc12)c3C,0.14459795
Cc2ccc(c1cccc(Cl)c1)nc2,Cc3cnc2c(ccc1c(C)c(C)cnc12)c3C,0.823096024
c2ccc(Cc1ccccn1)cc2,Cc3cnc2c(ccc1c(C)c(C)cnc12)c3C,0.563170964
Cc2ccc(c1ccc(C#N)cc1)nc2,Cc3cnc2c(ccc1c(C)c(C)cnc12)c3C,0.29722912
CCc2ccc(c1ccccc1)nc2,Cc3cnc2c(ccc1c(C)c(C)cnc12)c3C,0.563170964
Cc2cnc(c1ccccc1)cc2c3ccccc3,Cc3cnc2c(ccc1c(C)c(C)cnc12)c3C,0.30572138
Fc3ccc(c2cc(c1ccccc1)ccn2)cc3,Cc3cnc2c(ccc1c(C)c(C)cnc12)c3C,0.629426372
CCc2ccc(c1ccc(Cl)cc1)nc2,Cc3cnc2c(ccc1c(C)c(C)cnc12)c3C,0.59445824
Clc3ccc(c2cc(c1ccccc1)ccn2)cc3,Cc3cnc2c(ccc1c(C)c(C)cnc12)c3C,0.713349888
c4ccc(c3ccnc(c2ccc(N1CCCC1)cc2)c3)cc4,Cc3cnc2c(ccc1c(C)c(C)cnc12)c3C,0.15286069
COc3ccc(c2cc(c1ccccc1)ccn2)cc3,Cc3cnc2c(ccc1c(C)c(C)cnc12)c3C,0.629426372
COc3ccc(c2cc(c1ccccc1)c(C)cn2)cc3,Cc3cnc2c(ccc1c(C)c(C)cnc12)c3C,0.535012416
CCc2ccc(c1cccc(OC)c1)nc2,Cc3cnc2c(ccc1c(C)c(C)cnc12)c3C,1.07E-05
COc3cccc(c2cc(c1ccccc1)ccn2)c3,Cc3cnc2c(ccc1c(C)c(C)cnc12)c3C,0.157356593
COc2ccc(c1ccc(C)cn1)cc2,Cc3cnc2c(ccc1c(C)c(C)cnc12)c3C,0.33438276
COc3cccc(c2cc(c1ccccc1)c(C)cn2)c3,Cc3cnc2c(ccc1c(C)c(C)cnc12)c3C,0.079852599
c4ccc(c3ccnc(c2ccc1ccccc1c2)c3)cc4,Cc3cnc2c(ccc1c(C)c(C)cnc12)c3C,0.382151726
FC(F)(F)Oc3ccc(c2nc1ccccc1s2)cc3,Cc3cnc2c(ccc1c(C)c(C)cnc12)c3C,0.428009933
c4ccc3cc(c2nc1ccccc1o2)ccc3c4,Cc3cnc2c(ccc1c(C)c(C)cnc12)c3C,0.36897408
c2ccc(c1ccccn1)cc2,c4ccc3nc(c2ccc1ccccc1n2)ccc3c4,1.07E-05
Cc2ccc(c1ccc(F)cc1F)nc2,c4ccc3nc(c2ccc1ccccc1n2)ccc3c4,1.07E-05
Cc2ccc(c1ccccc1)nc2,c4ccc3nc(c2ccc1ccccc1n2)ccc3c4,1.07E-05
c2ccc(n1cccn1)cc2,c4ccc3nc(c2ccc1ccccc1n2)ccc3c4,1.07E-05
c1ccc3c(c1)ccc2cccnc23,c4ccc3nc(c2ccc1ccccc1n2)ccc3c4,0.411548012
Cc3ccc(c2ccc(c1ccccc1)cc2)nc3,c4ccc3nc(c2ccc1ccccc1n2)ccc3c4,1.07E-05
Cc2ccc(c1ccc(F)cc1)nc2,c4ccc3nc(c2ccc1ccccc1n2)ccc3c4,1.07E-05
c3ccc(c2nc1ccccc1s2)cc3,c4ccc3nc(c2ccc1ccccc1n2)ccc3c4,1.07E-05
c3ccc(c2nc1ccccc1o2)cc3,c4ccc3nc(c2ccc1ccccc1n2)ccc3c4,1.07E-05
Cc3ccc(c2nc1ccccc1o2)cc3,c4ccc3nc(c2ccc1ccccc1n2)ccc3c4,0.254767817
COc3ccc(c2nc1ccccc1s2)cc3,c4ccc3nc(c2ccc1ccccc1n2)ccc3c4,1.07E-05
COc3ccc(c2nc1ccccc1o2)cc3,c4ccc3nc(c2ccc1ccccc1n2)ccc3c4,1.07E-05
Fc3ccc(c2nc1ccccc1o2)cc3,c4ccc3nc(c2ccc1ccccc1n2)ccc3c4,1.07E-05
Clc3ccc(c2nc1ccccc1s2)cc3,c4ccc3nc(c2ccc1ccccc1n2)ccc3c4,1.07E-05
Clc3ccc(c2nc1ccccc1o2)cc3,c4ccc3nc(c2ccc1ccccc1n2)ccc3c4,1.07E-05
Cc2ccc(c1ccc(Cl)cc1)nc2,c4ccc3nc(c2ccc1ccccc1n2)ccc3c4,1.07E-05
FC(F)(F)c3ccc(c2nc1ccccc1s2)cc3,c4ccc3nc(c2ccc1ccccc1n2)ccc3c4,0.105943053
FC(F)(F)c3ccc(c2nc1ccccc1o2)cc3,c4ccc3nc(c2ccc1ccccc1n2)ccc3c4,0.345169301
Cc2ccc(c1cccc(C#N)c1)nc2,c4ccc3nc(c2ccc1ccccc1n2)ccc3c4,1.07E-05
COc2cccc(c1ccc(C)cn1)c2,c4ccc3nc(c2ccc1ccccc1n2)ccc3c4,1.07E-05
Cc2ccc(c1ccc(S(C)(=O)=O)cc1)nc2,c4ccc3nc(c2ccc1ccccc1n2)ccc3c4,1.07E-05
Cc2ccc(c1ccc(OC(F)(F)F)cc1)nc2,c4ccc3nc(c2ccc1ccccc1n2)ccc3c4,1.07E-05
Cc3ccc(c2ccc1ccccc1c2)nc3,c4ccc3nc(c2ccc1ccccc1n2)ccc3c4,1.07E-05
Cc2ccc(c1ccc(C)cn1)cc2,c4ccc3nc(c2ccc1ccccc1n2)ccc3c4,1.07E-05
Cc4ccc(c3ccc(N(c1ccccc1)c2ccccc2)cc3)nc4,c4ccc3nc(c2ccc1ccccc1n2)ccc3c4,1.07E-05
c4ccc(c3ccc(c2cc(c1ccccc1)ccn2)cc3)cc4,c4ccc3nc(c2ccc1ccccc1n2)ccc3c4,1.07E-05
Fc2ccc(c1ccccn1)cc2,c4ccc3nc(c2ccc1ccccc1n2)ccc3c4,1.07E-05
Cc2ccc(c1cccc(F)c1)nc2,c4ccc3nc(c2ccc1ccccc1n2)ccc3c4,0.29722912
Cc2ccc(c1ccccc1F)nc2,c4ccc3nc(c2ccc1ccccc1n2)ccc3c4,1.07E-05
Cc2ccc(c1ccc(F)c(C(F)(F)F)c1)nc2,c4ccc3nc(c2ccc1ccccc1n2)ccc3c4,1.07E-05
Cc2ccc(c1cccc(Cl)c1)nc2,c4ccc3nc(c2ccc1ccccc1n2)ccc3c4,1.07E-05
c2ccc(Cc1ccccn1)cc2,c4ccc3nc(c2ccc1ccccc1n2)ccc3c4,1.07E-05
Cc2ccc(c1ccc(C#N)cc1)nc2,c4ccc3nc(c2ccc1ccccc1n2)ccc3c4,0.396305493
CCc2ccc(c1ccccc1)nc2,c4ccc3nc(c2ccc1ccccc1n2)ccc3c4,1.07E-05
Cc2cnc(c1ccccc1)cc2c3ccccc3,c4ccc3nc(c2ccc1ccccc1n2)ccc3c4,0.486374924
Fc3ccc(c2cc(c1ccccc1)ccn2)cc3,c4ccc3nc(c2ccc1ccccc1n2)ccc3c4,1.07E-05
CCc2ccc(c1ccc(Cl)cc1)nc2,c4ccc3nc(c2ccc1ccccc1n2)ccc3c4,1.07E-05
Clc3ccc(c2cc(c1ccccc1)ccn2)cc3,c4ccc3nc(c2ccc1ccccc1n2)ccc3c4,1.07E-05
c4ccc(c3ccnc(c2ccc(N1CCCC1)cc2)c3)cc4,c4ccc3nc(c2ccc1ccccc1n2)ccc3c4,1.07E-05
COc3ccc(c2cc(c1ccccc1)ccn2)cc3,c4ccc3nc(c2ccc1ccccc1n2)ccc3c4,1.07E-05
COc3ccc(c2cc(c1ccccc1)c(C)cn2)cc3,c4ccc3nc(c2ccc1ccccc1n2)ccc3c4,1.07E-05
CCc2ccc(c1cccc(OC)c1)nc2,c4ccc3nc(c2ccc1ccccc1n2)ccc3c4,1.07E-05
COc3cccc(c2cc(c1ccccc1)ccn2)c3,c4ccc3nc(c2ccc1ccccc1n2)ccc3c4,1.07E-05
COc2ccc(c1ccc(C)cn1)cc2,c4ccc3nc(c2ccc1ccccc1n2)ccc3c4,1.07E-05
COc3cccc(c2cc(c1ccccc1)c(C)cn2)c3,c4ccc3nc(c2ccc1ccccc1n2)ccc3c4,1.07E-05
c4ccc(c3ccnc(c2ccc1ccccc1c2)c3)cc4,c4ccc3nc(c2ccc1ccccc1n2)ccc3c4,1.07E-05
FC(F)(F)Oc3ccc(c2nc1ccccc1s2)cc3,c4ccc3nc(c2ccc1ccccc1n2)ccc3c4,1.07E-05
c4ccc3cc(c2nc1ccccc1o2)ccc3c4,c4ccc3nc(c2ccc1ccccc1n2)ccc3c4,0.29722912
c2ccc(c1ccccn1)cc2,Cc5cc(c1ccccc1)c4ccc3c(c2ccccc2)cc(C)nc3c4n5,1.070024832
Cc2ccc(c1ccc(F)cc1F)nc2,Cc5cc(c1ccccc1)c4ccc3c(c2ccccc2)cc(C)nc3c4n5,0.33438276
Cc2ccc(c1ccccc1)nc2,Cc5cc(c1ccccc1)c4ccc3c(c2ccccc2)cc(C)nc3c4n5,0.89168736
c2ccc(n1cccn1)cc2,Cc5cc(c1ccccc1)c4ccc3c(c2ccccc2)cc(C)nc3c4n5,0.823096024
c1ccc3c(c1)ccc2cccnc23,Cc5cc(c1ccccc1)c4ccc3c(c2ccccc2)cc(C)nc3c4n5,0.823096024
Cc3ccc(c2ccc(c1ccccc1)cc2)nc3,Cc5cc(c1ccccc1)c4ccc3c(c2ccccc2)cc(C)nc3c4n5,0.713349888
Cc2ccc(c1ccc(F)cc1)nc2,Cc5cc(c1ccccc1)c4ccc3c(c2ccccc2)cc(C)nc3c4n5,1.07E-05
c3ccc(c2nc1ccccc1s2)cc3,Cc5cc(c1ccccc1)c4ccc3c(c2ccccc2)cc(C)nc3c4n5,1.18891648
c3ccc(c2nc1ccccc1o2)cc3,Cc5cc(c1ccccc1)c4ccc3c(c2ccccc2)cc(C)nc3c4n5,0.396305493
Cc3ccc(c2nc1ccccc1o2)cc3,Cc5cc(c1ccccc1)c4ccc3c(c2ccccc2)cc(C)nc3c4n5,0.972749847
COc3ccc(c2nc1ccccc1s2)cc3,Cc5cc(c1ccccc1)c4ccc3c(c2ccccc2)cc(C)nc3c4n5,1.78337472
COc3ccc(c2nc1ccccc1o2)cc3,Cc5cc(c1ccccc1)c4ccc3c(c2ccccc2)cc(C)nc3c4n5,0.356674944
Fc3ccc(c2nc1ccccc1o2)cc3,Cc5cc(c1ccccc1)c4ccc3c(c2ccccc2)cc(C)nc3c4n5,0.06484999
Clc3ccc(c2nc1ccccc1s2)cc3,Cc5cc(c1ccccc1)c4ccc3c(c2ccccc2)cc(C)nc3c4n5,1.18891648
Clc3ccc(c2nc1ccccc1o2)cc3,Cc5cc(c1ccccc1)c4ccc3c(c2ccccc2)cc(C)nc3c4n5,0.099076373
Cc2ccc(c1ccc(Cl)cc1)nc2,Cc5cc(c1ccccc1)c4ccc3c(c2ccccc2)cc(C)nc3c4n5,0.66876552
FC(F)(F)c3ccc(c2nc1ccccc1s2)cc3,Cc5cc(c1ccccc1)c4ccc3c(c2ccccc2)cc(C)nc3c4n5,0.411548012
FC(F)(F)c3ccc(c2nc1ccccc1o2)cc3,Cc5cc(c1ccccc1)c4ccc3c(c2ccccc2)cc(C)nc3c4n5,0.18448704
Cc2ccc(c1cccc(C#N)c1)nc2,Cc5cc(c1ccccc1)c4ccc3c(c2ccccc2)cc(C)nc3c4n5,0.187723655
COc2cccc(c1ccc(C)cn1)c2,Cc5cc(c1ccccc1)c4ccc3c(c2ccccc2)cc(C)nc3c4n5,1.07E-05
Cc2ccc(c1ccc(S(C)(=O)=O)cc1)nc2,Cc5cc(c1ccccc1)c4ccc3c(c2ccccc2)cc(C)nc3c4n5,0.764303451
Cc2ccc(c1ccc(OC(F)(F)F)cc1)nc2,Cc5cc(c1ccccc1)c4ccc3c(c2ccccc2)cc(C)nc3c4n5,0.629426372
Cc3ccc(c2ccc1ccccc1c2)nc3,Cc5cc(c1ccccc1)c4ccc3c(c2ccccc2)cc(C)nc3c4n5,1.18891648
Cc2ccc(c1ccc(C)cn1)cc2,Cc5cc(c1ccccc1)c4ccc3c(c2ccccc2)cc(C)nc3c4n5,0.66876552
Cc4ccc(c3ccc(N(c1ccccc1)c2ccccc2)cc3)nc4,Cc5cc(c1ccccc1)c4ccc3c(c2ccccc2)cc(C)nc3c4n5,1.07E-05
c4ccc(c3ccc(c2cc(c1ccccc1)ccn2)cc3)cc4,Cc5cc(c1ccccc1)c4ccc3c(c2ccccc2)cc(C)nc3c4n5,1.78337472
Fc2ccc(c1ccccn1)cc2,Cc5cc(c1ccccc1)c4ccc3c(c2ccccc2)cc(C)nc3c4n5,1.07E-05
Cc2ccc(c1cccc(F)c1)nc2,Cc5cc(c1ccccc1)c4ccc3c(c2ccccc2)cc(C)nc3c4n5,1.33753104
Cc2ccc(c1ccccc1F)nc2,Cc5cc(c1ccccc1)c4ccc3c(c2ccccc2)cc(C)nc3c4n5,0.535012416
Cc2ccc(c1ccc(F)c(C(F)(F)F)c1)nc2,Cc5cc(c1ccccc1)c4ccc3c(c2ccccc2)cc(C)nc3c4n5,0.36897408
Cc2ccc(c1cccc(Cl)c1)nc2,Cc5cc(c1ccccc1)c4ccc3c(c2ccccc2)cc(C)nc3c4n5,0.972749847
c2ccc(Cc1ccccn1)cc2,Cc5cc(c1ccccc1)c4ccc3c(c2ccccc2)cc(C)nc3c4n5,0.59445824
Cc2ccc(c1ccc(C#N)cc1)nc2,Cc5cc(c1ccccc1)c4ccc3c(c2ccccc2)cc(C)nc3c4n5,0.563170964
CCc2ccc(c1ccccc1)nc2,Cc5cc(c1ccccc1)c4ccc3c(c2ccccc2)cc(C)nc3c4n5,1.070024832
Cc2cnc(c1ccccc1)cc2c3ccccc3,Cc5cc(c1ccccc1)c4ccc3c(c2ccccc2)cc(C)nc3c4n5,0.972749847
Fc3ccc(c2cc(c1ccccc1)ccn2)cc3,Cc5cc(c1ccccc1)c4ccc3c(c2ccccc2)cc(C)nc3c4n5,1.78337472
CCc2ccc(c1ccc(Cl)cc1)nc2,Cc5cc(c1ccccc1)c4ccc3c(c2ccccc2)cc(C)nc3c4n5,0.823096024
Clc3ccc(c2cc(c1ccccc1)ccn2)cc3,Cc5cc(c1ccccc1)c4ccc3c(c2ccccc2)cc(C)nc3c4n5,1.33753104
c4ccc(c3ccnc(c2ccc(N1CCCC1)cc2)c3)cc4,Cc5cc(c1ccccc1)c4ccc3c(c2ccccc2)cc(C)nc3c4n5,0.162124975
COc3ccc(c2cc(c1ccccc1)ccn2)cc3,Cc5cc(c1ccccc1)c4ccc3c(c2ccccc2)cc(C)nc3c4n5,1.528606903
COc3ccc(c2cc(c1ccccc1)c(C)cn2)cc3,Cc5cc(c1ccccc1)c4ccc3c(c2ccccc2)cc(C)nc3c4n5,1.18891648
CCc2ccc(c1cccc(OC)c1)nc2,Cc5cc(c1ccccc1)c4ccc3c(c2ccccc2)cc(C)nc3c4n5,1.07E-05
COc3cccc(c2cc(c1ccccc1)ccn2)c3,Cc5cc(c1ccccc1)c4ccc3c(c2ccccc2)cc(C)nc3c4n5,0.076430345
COc2ccc(c1ccc(C)cn1)cc2,Cc5cc(c1ccccc1)c4ccc3c(c2ccccc2)cc(C)nc3c4n5,0.146578744
COc3cccc(c2cc(c1ccccc1)c(C)cn2)c3,Cc5cc(c1ccccc1)c4ccc3c(c2ccccc2)cc(C)nc3c4n5,1.07E-05
c4ccc(c3ccnc(c2ccc1ccccc1c2)c3)cc4,Cc5cc(c1ccccc1)c4ccc3c(c2ccccc2)cc(C)nc3c4n5,1.33753104
FC(F)(F)Oc3ccc(c2nc1ccccc1s2)cc3,Cc5cc(c1ccccc1)c4ccc3c(c2ccccc2)cc(C)nc3c4n5,0.486374924
c4ccc3cc(c2nc1ccccc1o2)ccc3c4,Cc5cc(c1ccccc1)c4ccc3c(c2ccccc2)cc(C)nc3c4n5,0.465228188
c2ccc(c1ccccn1)cc2,c5ccc(c1ccnc4c1ccc3c(c2ccccc2)ccnc34)cc5,1.78337472
Cc2ccc(c1ccc(F)cc1F)nc2,c5ccc(c1ccnc4c1ccc3c(c2ccccc2)ccnc34)cc5,0.823096024
Cc2ccc(c1ccccc1)nc2,c5ccc(c1ccnc4c1ccc3c(c2ccccc2)ccnc34)cc5,1.528606903
c2ccc(n1cccn1)cc2,c5ccc(c1ccnc4c1ccc3c(c2ccccc2)ccnc34)cc5,1.33753104
c1ccc3c(c1)ccc2cccnc23,c5ccc(c1ccnc4c1ccc3c(c2ccccc2)ccnc34)cc5,0.972749847
Cc3ccc(c2ccc(c1ccccc1)cc2)nc3,c5ccc(c1ccnc4c1ccc3c(c2ccccc2)ccnc34)cc5,1.33753104
Cc2ccc(c1ccc(F)cc1)nc2,c5ccc(c1ccnc4c1ccc3c(c2ccccc2)ccnc34)cc5,0.713349888
c3ccc(c2nc1ccccc1s2)cc3,c5ccc(c1ccnc4c1ccc3c(c2ccccc2)ccnc34)cc5,1.18891648
c3ccc(c2nc1ccccc1o2)cc3,c5ccc(c1ccnc4c1ccc3c(c2ccccc2)ccnc34)cc5,0.713349888
Cc3ccc(c2nc1ccccc1o2)cc3,c5ccc(c1ccnc4c1ccc3c(c2ccccc2)ccnc34)cc5,1.33753104
COc3ccc(c2nc1ccccc1s2)cc3,c5ccc(c1ccnc4c1ccc3c(c2ccccc2)ccnc34)cc5,1.528606903
COc3ccc(c2nc1ccccc1o2)cc3,c5ccc(c1ccnc4c1ccc3c(c2ccccc2)ccnc34)cc5,0.713349888
Fc3ccc(c2nc1ccccc1o2)cc3,c5ccc(c1ccnc4c1ccc3c(c2ccccc2)ccnc34)cc5,0.248842984
Clc3ccc(c2nc1ccccc1s2)cc3,c5ccc(c1ccnc4c1ccc3c(c2ccccc2)ccnc34)cc5,0.972749847
Clc3ccc(c2nc1ccccc1o2)cc3,c5ccc(c1ccnc4c1ccc3c(c2ccccc2)ccnc34)cc5,0.59445824
Cc2ccc(c1ccc(Cl)cc1)nc2,c5ccc(c1ccnc4c1ccc3c(c2ccccc2)ccnc34)cc5,1.33753104
FC(F)(F)c3ccc(c2nc1ccccc1s2)cc3,c5ccc(c1ccnc4c1ccc3c(c2ccccc2)ccnc34)cc5,1.070024832
FC(F)(F)c3ccc(c2nc1ccccc1o2)cc3,c5ccc(c1ccnc4c1ccc3c(c2ccccc2)ccnc34)cc5,0.509535634
Cc2ccc(c1cccc(C#N)c1)nc2,c5ccc(c1ccnc4c1ccc3c(c2ccccc2)ccnc34)cc5,0.411548012
COc2cccc(c1ccc(C)cn1)c2,c5ccc(c1ccnc4c1ccc3c(c2ccccc2)ccnc34)cc5,1.07E-05
Cc2ccc(c1ccc(S(C)(=O)=O)cc1)nc2,c5ccc(c1ccnc4c1ccc3c(c2ccccc2)ccnc34)cc5,1.528606903
Cc2ccc(c1ccc(OC(F)(F)F)cc1)nc2,c5ccc(c1ccnc4c1ccc3c(c2ccccc2)ccnc34)cc5,1.070024832
Cc3ccc(c2ccc1ccccc1c2)nc3,c5ccc(c1ccnc4c1ccc3c(c2ccccc2)ccnc34)cc5,0.972749847
Cc2ccc(c1ccc(C)cn1)cc2,c5ccc(c1ccnc4c1ccc3c(c2ccccc2)ccnc34)cc5,0.66876552
Cc4ccc(c3ccc(N(c1ccccc1)c2ccccc2)cc3)nc4,c5ccc(c1ccnc4c1ccc3c(c2ccccc2)ccnc34)cc5,1.07E-05
c4ccc(c3ccc(c2cc(c1ccccc1)ccn2)cc3)cc4,c5ccc(c1ccnc4c1ccc3c(c2ccccc2)ccnc34)cc5,2.140049664
Fc2ccc(c1ccccn1)cc2,c5ccc(c1ccnc4c1ccc3c(c2ccccc2)ccnc34)cc5,1.528606903
Cc2ccc(c1cccc(F)c1)nc2,c5ccc(c1ccnc4c1ccc3c(c2ccccc2)ccnc34)cc5,1.78337472
Cc2ccc(c1ccccc1F)nc2,c5ccc(c1ccnc4c1ccc3c(c2ccccc2)ccnc34)cc5,1.18891648
Cc2ccc(c1ccc(F)c(C(F)(F)F)c1)nc2,c5ccc(c1ccnc4c1ccc3c(c2ccccc2)ccnc34)cc5,1.33753104
Cc2ccc(c1cccc(Cl)c1)nc2,c5ccc(c1ccnc4c1ccc3c(c2ccccc2)ccnc34)cc5,1.78337472
c2ccc(Cc1ccccn1)cc2,c5ccc(c1ccnc4c1ccc3c(c2ccccc2)ccnc34)cc5,1.33753104
Cc2ccc(c1ccc(C#N)cc1)nc2,c5ccc(c1ccnc4c1ccc3c(c2ccccc2)ccnc34)cc5,0.972749847
CCc2ccc(c1ccccc1)nc2,c5ccc(c1ccnc4c1ccc3c(c2ccccc2)ccnc34)cc5,1.78337472
Cc2cnc(c1ccccc1)cc2c3ccccc3,c5ccc(c1ccnc4c1ccc3c(c2ccccc2)ccnc34)cc5,1.528606903
Fc3ccc(c2cc(c1ccccc1)ccn2)cc3,c5ccc(c1ccnc4c1ccc3c(c2ccccc2)ccnc34)cc5,2.675062079
CCc2ccc(c1ccc(Cl)cc1)nc2,c5ccc(c1ccnc4c1ccc3c(c2ccccc2)ccnc34)cc5,1.528606903
Clc3ccc(c2cc(c1ccccc1)ccn2)cc3,c5ccc(c1ccnc4c1ccc3c(c2ccccc2)ccnc34)cc5,1.33753104
c4ccc(c3ccnc(c2ccc(N1CCCC1)cc2)c3)cc4,c5ccc(c1ccnc4c1ccc3c(c2ccccc2)ccnc34)cc5,0.486374924
COc3ccc(c2cc(c1ccccc1)ccn2)cc3,c5ccc(c1ccnc4c1ccc3c(c2ccccc2)ccnc34)cc5,2.140049664
COc3ccc(c2cc(c1ccccc1)c(C)cn2)cc3,c5ccc(c1ccnc4c1ccc3c(c2ccccc2)ccnc34)cc5,1.528606903
CCc2ccc(c1cccc(OC)c1)nc2,c5ccc(c1ccnc4c1ccc3c(c2ccccc2)ccnc34)cc5,1.07E-05
COc3cccc(c2cc(c1ccccc1)ccn2)c3,c5ccc(c1ccnc4c1ccc3c(c2ccccc2)ccnc34)cc5,1.07E-05
COc2ccc(c1ccc(C)cn1)cc2,c5ccc(c1ccnc4c1ccc3c(c2ccccc2)ccnc34)cc5,1.33753104
COc3cccc(c2cc(c1ccccc1)c(C)cn2)c3,c5ccc(c1ccnc4c1ccc3c(c2ccccc2)ccnc34)cc5,1.07E-05
c4ccc(c3ccnc(c2ccc1ccccc1c2)c3)cc4,c5ccc(c1ccnc4c1ccc3c(c2ccccc2)ccnc34)cc5,1.528606903
FC(F)(F)Oc3ccc(c2nc1ccccc1s2)cc3,c5ccc(c1ccnc4c1ccc3c(c2ccccc2)ccnc34)cc5,0.764303451
c4ccc3cc(c2nc1ccccc1o2)ccc3c4,c5ccc(c1ccnc4c1ccc3c(c2ccccc2)ccnc34)cc5,0.629426372
c2ccc(c1ccccn1)cc2,Cc2cc1cccnc1c3ncccc23,0.823096024
Cc2ccc(c1ccc(F)cc1F)nc2,Cc2cc1cccnc1c3ncccc23,0.486374924
Cc2ccc(c1ccccc1)nc2,Cc2cc1cccnc1c3ncccc23,1.070024832
c2ccc(n1cccn1)cc2,Cc2cc1cccnc1c3ncccc23,1.070024832
c1ccc3c(c1)ccc2cccnc23,Cc2cc1cccnc1c3ncccc23,0.89168736
Cc3ccc(c2ccc(c1ccccc1)cc2)nc3,Cc2cc1cccnc1c3ncccc23,1.78337472
Cc2ccc(c1ccc(F)cc1)nc2,Cc2cc1cccnc1c3ncccc23,0.428009933
c3ccc(c2nc1ccccc1s2)cc3,Cc2cc1cccnc1c3ncccc23,1.33753104
c3ccc(c2nc1ccccc1o2)cc3,Cc2cc1cccnc1c3ncccc23,0.535012416
Cc3ccc(c2nc1ccccc1o2)cc3,Cc2cc1cccnc1c3ncccc23,0.89168736
COc3ccc(c2nc1ccccc1s2)cc3,Cc2cc1cccnc1c3ncccc23,1.78337472
COc3ccc(c2nc1ccccc1o2)cc3,Cc2cc1cccnc1c3ncccc23,0.428009933
Fc3ccc(c2nc1ccccc1o2)cc3,Cc2cc1cccnc1c3ncccc23,0.18448704
Clc3ccc(c2nc1ccccc1s2)cc3,Cc2cc1cccnc1c3ncccc23,1.18891648
Clc3ccc(c2nc1ccccc1o2)cc3,Cc2cc1cccnc1c3ncccc23,0.44584368
Cc2ccc(c1ccc(Cl)cc1)nc2,Cc2cc1cccnc1c3ncccc23,0.89168736
FC(F)(F)c3ccc(c2nc1ccccc1s2)cc3,Cc2cc1cccnc1c3ncccc23,1.33753104
FC(F)(F)c3ccc(c2nc1ccccc1o2)cc3,Cc2cc1cccnc1c3ncccc23,0.535012416
Cc2ccc(c1cccc(C#N)c1)nc2,Cc2cc1cccnc1c3ncccc23,0.29722912
COc2cccc(c1ccc(C)cn1)c2,Cc2cc1cccnc1c3ncccc23,1.07E-05
Cc2ccc(c1ccc(S(C)(=O)=O)cc1)nc2,Cc2cc1cccnc1c3ncccc23,1.528606903
Cc2ccc(c1ccc(OC(F)(F)F)cc1)nc2,Cc2cc1cccnc1c3ncccc23,0.59445824
Cc3ccc(c2ccc1ccccc1c2)nc3,Cc2cc1cccnc1c3ncccc23,1.070024832
Cc2ccc(c1ccc(C)cn1)cc2,Cc2cc1cccnc1c3ncccc23,0.713349888
Cc4ccc(c3ccc(N(c1ccccc1)c2ccccc2)cc3)nc4,Cc2cc1cccnc1c3ncccc23,1.07E-05
c4ccc(c3ccc(c2cc(c1ccccc1)ccn2)cc3)cc4,Cc2cc1cccnc1c3ncccc23,2.140049664
Fc2ccc(c1ccccn1)cc2,Cc2cc1cccnc1c3ncccc23,1.18891648
Cc2ccc(c1cccc(F)c1)nc2,Cc2cc1cccnc1c3ncccc23,1.33753104
Cc2ccc(c1ccccc1F)nc2,Cc2cc1cccnc1c3ncccc23,0.972749847
Cc2ccc(c1ccc(F)c(C(F)(F)F)c1)nc2,Cc2cc1cccnc1c3ncccc23,0.713349888
Cc2ccc(c1cccc(Cl)c1)nc2,Cc2cc1cccnc1c3ncccc23,1.528606903
c2ccc(Cc1ccccn1)cc2,Cc2cc1cccnc1c3ncccc23,0.972749847
Cc2ccc(c1ccc(C#N)cc1)nc2,Cc2cc1cccnc1c3ncccc23,0.59445824
CCc2ccc(c1ccccc1)nc2,Cc2cc1cccnc1c3ncccc23,1.33753104
Cc2cnc(c1ccccc1)cc2c3ccccc3,Cc2cc1cccnc1c3ncccc23,1.070024832
Fc3ccc(c2cc(c1ccccc1)ccn2)cc3,Cc2cc1cccnc1c3ncccc23,2.140049664
CCc2ccc(c1ccc(Cl)cc1)nc2,Cc2cc1cccnc1c3ncccc23,1.18891648
Clc3ccc(c2cc(c1ccccc1)ccn2)cc3,Cc2cc1cccnc1c3ncccc23,1.528606903
c4ccc(c3ccnc(c2ccc(N1CCCC1)cc2)c3)cc4,Cc2cc1cccnc1c3ncccc23,0.209808791
COc3ccc(c2cc(c1ccccc1)ccn2)cc3,Cc2cc1cccnc1c3ncccc23,1.78337472
COc3ccc(c2cc(c1ccccc1)c(C)cn2)cc3,Cc2cc1cccnc1c3ncccc23,1.070024832
CCc2ccc(c1cccc(OC)c1)nc2,Cc2cc1cccnc1c3ncccc23,1.07E-05
COc3cccc(c2cc(c1ccccc1)ccn2)c3,Cc2cc1cccnc1c3ncccc23,1.07E-05
COc2ccc(c1ccc(C)cn1)cc2,Cc2cc1cccnc1c3ncccc23,0.89168736
COc3cccc(c2cc(c1ccccc1)c(C)cn2)c3,Cc2cc1cccnc1c3ncccc23,1.07E-05
c4ccc(c3ccnc(c2ccc1ccccc1c2)c3)cc4,Cc2cc1cccnc1c3ncccc23,1.528606903
FC(F)(F)Oc3ccc(c2nc1ccccc1s2)cc3,Cc2cc1cccnc1c3ncccc23,0.972749847
c4ccc3cc(c2nc1ccccc1o2)ccc3c4,Cc2cc1cccnc1c3ncccc23,0.59445824
c2ccc(c1ccccn1)cc2,CC1(C)C(=O)C(C)(C)c3c1c2cccnc2c4ncccc34,0.428009933
Cc2ccc(c1ccc(F)cc1F)nc2,CC1(C)C(=O)C(C)(C)c3c1c2cccnc2c4ncccc34,0.267506208
Cc2ccc(c1ccccc1)nc2,CC1(C)C(=O)C(C)(C)c3c1c2cccnc2c4ncccc34,0.509535634
c2ccc(n1cccn1)cc2,CC1(C)C(=O)C(C)(C)c3c1c2cccnc2c4ncccc34,0.486374924
c1ccc3c(c1)ccc2cccnc23,CC1(C)C(=O)C(C)(C)c3c1c2cccnc2c4ncccc34,0.66876552
Cc3ccc(c2ccc(c1ccccc1)cc2)nc3,CC1(C)C(=O)C(C)(C)c3c1c2cccnc2c4ncccc34,0.66876552
Cc2ccc(c1ccc(F)cc1)nc2,CC1(C)C(=O)C(C)(C)c3c1c2cccnc2c4ncccc34,0.823096024
c3ccc(c2nc1ccccc1s2)cc3,CC1(C)C(=O)C(C)(C)c3c1c2cccnc2c4ncccc34,1.18891648
c3ccc(c2nc1ccccc1o2)cc3,CC1(C)C(=O)C(C)(C)c3c1c2cccnc2c4ncccc34,0.36897408
Cc3ccc(c2nc1ccccc1o2)cc3,CC1(C)C(=O)C(C)(C)c3c1c2cccnc2c4ncccc34,0.486374924
COc3ccc(c2nc1ccccc1s2)cc3,CC1(C)C(=O)C(C)(C)c3c1c2cccnc2c4ncccc34,1.18891648
COc3ccc(c2nc1ccccc1o2)cc3,CC1(C)C(=O)C(C)(C)c3c1c2cccnc2c4ncccc34,0.281585482
Fc3ccc(c2nc1ccccc1o2)cc3,CC1(C)C(=O)C(C)(C)c3c1c2cccnc2c4ncccc34,0.093045638
Clc3ccc(c2nc1ccccc1s2)cc3,CC1(C)C(=O)C(C)(C)c3c1c2cccnc2c4ncccc34,0.89168736
Clc3ccc(c2nc1ccccc1o2)cc3,CC1(C)C(=O)C(C)(C)c3c1c2cccnc2c4ncccc34,0.108083316
Cc2ccc(c1ccc(Cl)cc1)nc2,CC1(C)C(=O)C(C)(C)c3c1c2cccnc2c4ncccc34,0.972749847
FC(F)(F)c3ccc(c2nc1ccccc1s2)cc3,CC1(C)C(=O)C(C)(C)c3c1c2cccnc2c4ncccc34,0.89168736
FC(F)(F)c3ccc(c2nc1ccccc1o2)cc3,CC1(C)C(=O)C(C)(C)c3c1c2cccnc2c4ncccc34,0.324249949
Cc2ccc(c1cccc(C#N)c1)nc2,CC1(C)C(=O)C(C)(C)c3c1c2cccnc2c4ncccc34,0.17258465
COc2cccc(c1ccc(C)cn1)c2,CC1(C)C(=O)C(C)(C)c3c1c2cccnc2c4ncccc34,1.07E-05
Cc2ccc(c1ccc(S(C)(=O)=O)cc1)nc2,CC1(C)C(=O)C(C)(C)c3c1c2cccnc2c4ncccc34,0.486374924
Cc2ccc(c1ccc(OC(F)(F)F)cc1)nc2,CC1(C)C(=O)C(C)(C)c3c1c2cccnc2c4ncccc34,0.382151726
Cc3ccc(c2ccc1ccccc1c2)nc3,CC1(C)C(=O)C(C)(C)c3c1c2cccnc2c4ncccc34,0.44584368
Cc2ccc(c1ccc(C)cn1)cc2,CC1(C)C(=O)C(C)(C)c3c1c2cccnc2c4ncccc34,0.36897408
Cc4ccc(c3ccc(N(c1ccccc1)c2ccccc2)cc3)nc4,CC1(C)C(=O)C(C)(C)c3c1c2cccnc2c4ncccc34,1.07E-05
c4ccc(c3ccc(c2cc(c1ccccc1)ccn2)cc3)cc4,CC1(C)C(=O)C(C)(C)c3c1c2cccnc2c4ncccc34,1.528606903
Fc2ccc(c1ccccn1)cc2,CC1(C)C(=O)C(C)(C)c3c1c2cccnc2c4ncccc34,0.382151726
Cc2ccc(c1cccc(F)c1)nc2,CC1(C)C(=O)C(C)(C)c3c1c2cccnc2c4ncccc34,0.89168736
Cc2ccc(c1ccccc1F)nc2,CC1(C)C(=O)C(C)(C)c3c1c2cccnc2c4ncccc34,0.465228188
Cc2ccc(c1ccc(F)c(C(F)(F)F)c1)nc2,CC1(C)C(=O)C(C)(C)c3c1c2cccnc2c4ncccc34,0.33438276
Cc2ccc(c1cccc(Cl)c1)nc2,CC1(C)C(=O)C(C)(C)c3c1c2cccnc2c4ncccc34,0.89168736
c2ccc(Cc1ccccn1)cc2,CC1(C)C(=O)C(C)(C)c3c1c2cccnc2c4ncccc34,0.324249949
Cc2ccc(c1ccc(C#N)cc1)nc2,CC1(C)C(=O)C(C)(C)c3c1c2cccnc2c4ncccc34,0.428009933
CCc2ccc(c1ccccc1)nc2,CC1(C)C(=O)C(C)(C)c3c1c2cccnc2c4ncccc34,0.59445824
Cc2cnc(c1ccccc1)cc2c3ccccc3,CC1(C)C(=O)C(C)(C)c3c1c2cccnc2c4ncccc34,0.396305493
Fc3ccc(c2cc(c1ccccc1)ccn2)cc3,CC1(C)C(=O)C(C)(C)c3c1c2cccnc2c4ncccc34,1.33753104
CCc2ccc(c1ccc(Cl)cc1)nc2,CC1(C)C(=O)C(C)(C)c3c1c2cccnc2c4ncccc34,0.486374924
Clc3ccc(c2cc(c1ccccc1)ccn2)cc3,CC1(C)C(=O)C(C)(C)c3c1c2cccnc2c4ncccc34,0.59445824
c4ccc(c3ccnc(c2ccc(N1CCCC1)cc2)c3)cc4,CC1(C)C(=O)C(C)(C)c3c1c2cccnc2c4ncccc34,0.117585146
COc3ccc(c2cc(c1ccccc1)ccn2)cc3,CC1(C)C(=O)C(C)(C)c3c1c2cccnc2c4ncccc34,1.18891648
COc3ccc(c2cc(c1ccccc1)c(C)cn2)cc3,CC1(C)C(=O)C(C)(C)c3c1c2cccnc2c4ncccc34,0.823096024
CCc2ccc(c1cccc(OC)c1)nc2,CC1(C)C(=O)C(C)(C)c3c1c2cccnc2c4ncccc34,1.07E-05
COc3cccc(c2cc(c1ccccc1)ccn2)c3,CC1(C)C(=O)C(C)(C)c3c1c2cccnc2c4ncccc34,1.07E-05
COc2ccc(c1ccc(C)cn1)cc2,CC1(C)C(=O)C(C)(C)c3c1c2cccnc2c4ncccc34,1.33753104
COc3cccc(c2cc(c1ccccc1)c(C)cn2)c3,CC1(C)C(=O)C(C)(C)c3c1c2cccnc2c4ncccc34,1.07E-05
c4ccc(c3ccnc(c2ccc1ccccc1c2)c3)cc4,CC1(C)C(=O)C(C)(C)c3c1c2cccnc2c4ncccc34,0.66876552
FC(F)(F)Oc3ccc(c2nc1ccccc1s2)cc3,CC1(C)C(=O)C(C)(C)c3c1c2cccnc2c4ncccc34,0.254767817
c4ccc3cc(c2nc1ccccc1o2)ccc3c4,CC1(C)C(=O)C(C)(C)c3c1c2cccnc2c4ncccc34,0.281585482
c2ccc(c1ccccn1)cc2,Cc2ccc(c1ccc(C)cn1)nc2,0.44584368
Cc2ccc(c1ccc(F)cc1F)nc2,Cc2ccc(c1ccc(C)cn1)nc2,0.260981666
Cc2ccc(c1ccccc1)nc2,Cc2ccc(c1ccc(C)cn1)nc2,0.563170964
c2ccc(n1cccn1)cc2,Cc2ccc(c1ccc(C)cn1)nc2,0.823096024
c1ccc3c(c1)ccc2cccnc23,Cc2ccc(c1ccc(C)cn1)nc2,1.528606903
Cc3ccc(c2ccc(c1ccccc1)cc2)nc3,Cc2ccc(c1ccc(C)cn1)nc2,0.972749847
Cc2ccc(c1ccc(F)cc1)nc2,Cc2ccc(c1ccc(C)cn1)nc2,0.243187462
c3ccc(c2nc1ccccc1s2)cc3,Cc2ccc(c1ccc(C)cn1)nc2,1.33753104
c3ccc(c2nc1ccccc1o2)cc3,Cc2ccc(c1ccc(C)cn1)nc2,0.486374924
Cc3ccc(c2nc1ccccc1o2)cc3,Cc2ccc(c1ccc(C)cn1)nc2,0.44584368
COc3ccc(c2nc1ccccc1s2)cc3,Cc2ccc(c1ccc(C)cn1)nc2,0.972749847
COc3ccc(c2nc1ccccc1o2)cc3,Cc2ccc(c1ccc(C)cn1)nc2,0.411548012
Fc3ccc(c2nc1ccccc1o2)cc3,Cc2ccc(c1ccc(C)cn1)nc2,0.137182671
Clc3ccc(c2nc1ccccc1s2)cc3,Cc2ccc(c1ccc(C)cn1)nc2,1.18891648
Clc3ccc(c2nc1ccccc1o2)cc3,Cc2ccc(c1ccc(C)cn1)nc2,0.187723655
Cc2ccc(c1ccc(Cl)cc1)nc2,Cc2ccc(c1ccc(C)cn1)nc2,0.59445824
FC(F)(F)c3ccc(c2nc1ccccc1s2)cc3,Cc2ccc(c1ccc(C)cn1)nc2,0.44584368
FC(F)(F)c3ccc(c2nc1ccccc1o2)cc3,Cc2ccc(c1ccc(C)cn1)nc2,0.33438276
Cc2ccc(c1cccc(C#N)c1)nc2,Cc2ccc(c1ccc(C)cn1)nc2,0.44584368
COc2cccc(c1ccc(C)cn1)c2,Cc2ccc(c1ccc(C)cn1)nc2,1.07E-05
Cc2ccc(c1ccc(S(C)(=O)=O)cc1)nc2,Cc2ccc(c1ccc(C)cn1)nc2,0.59445824
Cc2ccc(c1ccc(OC(F)(F)F)cc1)nc2,Cc2ccc(c1ccc(C)cn1)nc2,0.396305493
Cc3ccc(c2ccc1ccccc1c2)nc3,Cc2ccc(c1ccc(C)cn1)nc2,0.535012416
Cc2ccc(c1ccc(C)cn1)cc2,Cc2ccc(c1ccc(C)cn1)nc2,0.535012416
Cc4ccc(c3ccc(N(c1ccccc1)c2ccccc2)cc3)nc4,Cc2ccc(c1ccc(C)cn1)nc2,0.15286069
c4ccc(c3ccc(c2cc(c1ccccc1)ccn2)cc3)cc4,Cc2ccc(c1ccc(C)cn1)nc2,1.528606903
Fc2ccc(c1ccccn1)cc2,Cc2ccc(c1ccc(C)cn1)nc2,0.629426372
Cc2ccc(c1cccc(F)c1)nc2,Cc2ccc(c1ccc(C)cn1)nc2,0.66876552
Cc2ccc(c1ccccc1F)nc2,Cc2ccc(c1ccc(C)cn1)nc2,0.396305493
Cc2ccc(c1ccc(F)c(C(F)(F)F)c1)nc2,Cc2ccc(c1ccc(C)cn1)nc2,0.214004966
Cc2ccc(c1cccc(Cl)c1)nc2,Cc2ccc(c1ccc(C)cn1)nc2,0.89168736
c2ccc(Cc1ccccn1)cc2,Cc2ccc(c1ccc(C)cn1)nc2,0.465228188
Cc2ccc(c1ccc(C#N)cc1)nc2,Cc2ccc(c1ccc(C)cn1)nc2,0.411548012
CCc2ccc(c1ccccc1)nc2,Cc2ccc(c1ccc(C)cn1)nc2,0.823096024
Cc2cnc(c1ccccc1)cc2c3ccccc3,Cc2ccc(c1ccc(C)cn1)nc2,0.629426372
Fc3ccc(c2cc(c1ccccc1)ccn2)cc3,Cc2ccc(c1ccc(C)cn1)nc2,1.33753104
CCc2ccc(c1ccc(Cl)cc1)nc2,Cc2ccc(c1ccc(C)cn1)nc2,0.713349888
Clc3ccc(c2cc(c1ccccc1)ccn2)cc3,Cc2ccc(c1ccc(C)cn1)nc2,1.070024832
c4ccc(c3ccnc(c2ccc(N1CCCC1)cc2)c3)cc4,Cc2ccc(c1ccc(C)cn1)nc2,0.33438276
COc3ccc(c2cc(c1ccccc1)ccn2)cc3,Cc2ccc(c1ccc(C)cn1)nc2,1.070024832
COc3ccc(c2cc(c1ccccc1)c(C)cn2)cc3,Cc2ccc(c1ccc(C)cn1)nc2,1.33753104
CCc2ccc(c1cccc(OC)c1)nc2,Cc2ccc(c1ccc(C)cn1)nc2,1.07E-05
COc3cccc(c2cc(c1ccccc1)ccn2)c3,Cc2ccc(c1ccc(C)cn1)nc2,0.090680071
COc2ccc(c1ccc(C)cn1)cc2,Cc2ccc(c1ccc(C)cn1)nc2,0.629426372
COc3cccc(c2cc(c1ccccc1)c(C)cn2)c3,Cc2ccc(c1ccc(C)cn1)nc2,1.07E-05
c4ccc(c3ccnc(c2ccc1ccccc1c2)c3)cc4,Cc2ccc(c1ccc(C)cn1)nc2,0.764303451
FC(F)(F)Oc3ccc(c2nc1ccccc1s2)cc3,Cc2ccc(c1ccc(C)cn1)nc2,0.972749847
c4ccc3cc(c2nc1ccccc1o2)ccc3c4,Cc2ccc(c1ccc(C)cn1)nc2,0.281585482
c2ccc(c1ccccn1)cc2,Cc1ccnc3c1ccc2c(C)ccnc23,0.764303451
Cc2ccc(c1ccc(F)cc1F)nc2,Cc1ccnc3c1ccc2c(C)ccnc23,0.59445824
Cc2ccc(c1ccccc1)nc2,Cc1ccnc3c1ccc2c(C)ccnc23,0.972749847
c2ccc(n1cccn1)cc2,Cc1ccnc3c1ccc2c(C)ccnc23,0.535012416
c1ccc3c(c1)ccc2cccnc23,Cc1ccnc3c1ccc2c(C)ccnc23,0.972749847
Cc3ccc(c2ccc(c1ccccc1)cc2)nc3,Cc1ccnc3c1ccc2c(C)ccnc23,0.764303451
Cc2ccc(c1ccc(F)cc1)nc2,Cc1ccnc3c1ccc2c(C)ccnc23,0.324249949
c3ccc(c2nc1ccccc1s2)cc3,Cc1ccnc3c1ccc2c(C)ccnc23,1.18891648
c3ccc(c2nc1ccccc1o2)cc3,Cc1ccnc3c1ccc2c(C)ccnc23,0.89168736
Cc3ccc(c2nc1ccccc1o2)cc3,Cc1ccnc3c1ccc2c(C)ccnc23,0.764303451
COc3ccc(c2nc1ccccc1s2)cc3,Cc1ccnc3c1ccc2c(C)ccnc23,1.528606903
COc3ccc(c2nc1ccccc1o2)cc3,Cc1ccnc3c1ccc2c(C)ccnc23,0.713349888
Fc3ccc(c2nc1ccccc1o2)cc3,Cc1ccnc3c1ccc2c(C)ccnc23,0.201891478
Clc3ccc(c2nc1ccccc1s2)cc3,Cc1ccnc3c1ccc2c(C)ccnc23,1.070024832
Clc3ccc(c2nc1ccccc1o2)cc3,Cc1ccnc3c1ccc2c(C)ccnc23,0.428009933
Cc2ccc(c1ccc(Cl)cc1)nc2,Cc1ccnc3c1ccc2c(C)ccnc23,0.345169301
FC(F)(F)c3ccc(c2nc1ccccc1s2)cc3,Cc1ccnc3c1ccc2c(C)ccnc23,1.070024832
FC(F)(F)c3ccc(c2nc1ccccc1o2)cc3,Cc1ccnc3c1ccc2c(C)ccnc23,0.713349888
Cc2ccc(c1cccc(C#N)c1)nc2,Cc1ccnc3c1ccc2c(C)ccnc23,0.19454997
COc2cccc(c1ccc(C)cn1)c2,Cc1ccnc3c1ccc2c(C)ccnc23,1.07E-05
Cc2ccc(c1ccc(S(C)(=O)=O)cc1)nc2,Cc1ccnc3c1ccc2c(C)ccnc23,0.59445824
Cc2ccc(c1ccc(OC(F)(F)F)cc1)nc2,Cc1ccnc3c1ccc2c(C)ccnc23,0.227664858
Cc3ccc(c2ccc1ccccc1c2)nc3,Cc1ccnc3c1ccc2c(C)ccnc23,0.89168736
Cc2ccc(c1ccc(C)cn1)cc2,Cc1ccnc3c1ccc2c(C)ccnc23,0.382151726
Cc4ccc(c3ccc(N(c1ccccc1)c2ccccc2)cc3)nc4,Cc1ccnc3c1ccc2c(C)ccnc23,1.07E-05
c4ccc(c3ccc(c2cc(c1ccccc1)ccn2)cc3)cc4,Cc1ccnc3c1ccc2c(C)ccnc23,1.78337472
Fc2ccc(c1ccccn1)cc2,Cc1ccnc3c1ccc2c(C)ccnc23,0.713349888
Cc2ccc(c1cccc(F)c1)nc2,Cc1ccnc3c1ccc2c(C)ccnc23,1.18891648
Cc2ccc(c1ccccc1F)nc2,Cc1ccnc3c1ccc2c(C)ccnc23,0.89168736
Cc2ccc(c1ccc(F)c(C(F)(F)F)c1)nc2,Cc1ccnc3c1ccc2c(C)ccnc23,0.629426372
Cc2ccc(c1cccc(Cl)c1)nc2,Cc1ccnc3c1ccc2c(C)ccnc23,0.66876552
c2ccc(Cc1ccccn1)cc2,Cc1ccnc3c1ccc2c(C)ccnc23,0.201891478
Cc2ccc(c1ccc(C#N)cc1)nc2,Cc1ccnc3c1ccc2c(C)ccnc23,0.66876552
CCc2ccc(c1ccccc1)nc2,Cc1ccnc3c1ccc2c(C)ccnc23,1.18891648
Cc2cnc(c1ccccc1)cc2c3ccccc3,Cc1ccnc3c1ccc2c(C)ccnc23,0.89168736
Fc3ccc(c2cc(c1ccccc1)ccn2)cc3,Cc1ccnc3c1ccc2c(C)ccnc23,1.33753104
CCc2ccc(c1ccc(Cl)cc1)nc2,Cc1ccnc3c1ccc2c(C)ccnc23,0.411548012
Clc3ccc(c2cc(c1ccccc1)ccn2)cc3,Cc1ccnc3c1ccc2c(C)ccnc23,0.713349888
c4ccc(c3ccnc(c2ccc(N1CCCC1)cc2)c3)cc4,Cc1ccnc3c1ccc2c(C)ccnc23,0.428009933
COc3ccc(c2cc(c1ccccc1)ccn2)cc3,Cc1ccnc3c1ccc2c(C)ccnc23,1.528606903
COc3ccc(c2cc(c1ccccc1)c(C)cn2)cc3,Cc1ccnc3c1ccc2c(C)ccnc23,1.18891648
CCc2ccc(c1cccc(OC)c1)nc2,Cc1ccnc3c1ccc2c(C)ccnc23,1.07E-05
COc3cccc(c2cc(c1ccccc1)ccn2)c3,Cc1ccnc3c1ccc2c(C)ccnc23,1.07E-05
COc2ccc(c1ccc(C)cn1)cc2,Cc1ccnc3c1ccc2c(C)ccnc23,0.713349888
COc3cccc(c2cc(c1ccccc1)c(C)cn2)c3,Cc1ccnc3c1ccc2c(C)ccnc23,1.07E-05
c4ccc(c3ccnc(c2ccc1ccccc1c2)c3)cc4,Cc1ccnc3c1ccc2c(C)ccnc23,0.972749847
FC(F)(F)Oc3ccc(c2nc1ccccc1s2)cc3,Cc1ccnc3c1ccc2c(C)ccnc23,0.764303451
c4ccc3cc(c2nc1ccccc1o2)ccc3c4,Cc1ccnc3c1ccc2c(C)ccnc23,0.66876552
c2ccc(c1ccccn1)cc2,Cc3ccc2ccc1ccc(C)nc1c2n3,0.509535634
Cc2ccc(c1ccc(F)cc1F)nc2,Cc3ccc2ccc1ccc(C)nc1c2n3,0.169845211
Cc2ccc(c1ccccc1)nc2,Cc3ccc2ccc1ccc(C)nc1c2n3,0.66876552
c2ccc(n1cccn1)cc2,Cc3ccc2ccc1ccc(C)nc1c2n3,0.356674944
c1ccc3c(c1)ccc2cccnc23,Cc3ccc2ccc1ccc(C)nc1c2n3,0.59445824
Cc3ccc(c2ccc(c1ccccc1)cc2)nc3,Cc3ccc2ccc1ccc(C)nc1c2n3,0.509535634
Cc2ccc(c1ccc(F)cc1)nc2,Cc3ccc2ccc1ccc(C)nc1c2n3,0.078678296
c3ccc(c2nc1ccccc1s2)cc3,Cc3ccc2ccc1ccc(C)nc1c2n3,0.89168736
c3ccc(c2nc1ccccc1o2)cc3,Cc3ccc2ccc1ccc(C)nc1c2n3,0.629426372
Cc3ccc(c2nc1ccccc1o2)cc3,Cc3ccc2ccc1ccc(C)nc1c2n3,0.486374924
COc3ccc(c2nc1ccccc1s2)cc3,Cc3ccc2ccc1ccc(C)nc1c2n3,1.33753104
COc3ccc(c2nc1ccccc1o2)cc3,Cc3ccc2ccc1ccc(C)nc1c2n3,0.30572138
Fc3ccc(c2nc1ccccc1o2)cc3,Cc3ccc2ccc1ccc(C)nc1c2n3,0.15286069
Clc3ccc(c2nc1ccccc1s2)cc3,Cc3ccc2ccc1ccc(C)nc1c2n3,0.972749847
Clc3ccc(c2nc1ccccc1o2)cc3,Cc3ccc2ccc1ccc(C)nc1c2n3,0.356674944
Cc2ccc(c1ccc(Cl)cc1)nc2,Cc3ccc2ccc1ccc(C)nc1c2n3,0.281585482
FC(F)(F)c3ccc(c2nc1ccccc1s2)cc3,Cc3ccc2ccc1ccc(C)nc1c2n3,0.764303451
FC(F)(F)c3ccc(c2nc1ccccc1o2)cc3,Cc3ccc2ccc1ccc(C)nc1c2n3,0.629426372
Cc2ccc(c1cccc(C#N)c1)nc2,Cc3ccc2ccc1ccc(C)nc1c2n3,0.187723655
COc2cccc(c1ccc(C)cn1)c2,Cc3ccc2ccc1ccc(C)nc1c2n3,1.07E-05
Cc2ccc(c1ccc(S(C)(=O)=O)cc1)nc2,Cc3ccc2ccc1ccc(C)nc1c2n3,0.30572138
Cc2ccc(c1ccc(OC(F)(F)F)cc1)nc2,Cc3ccc2ccc1ccc(C)nc1c2n3,0.201891478
Cc3ccc(c2ccc1ccccc1c2)nc3,Cc3ccc2ccc1ccc(C)nc1c2n3,0.713349888
Cc2ccc(c1ccc(C)cn1)cc2,Cc3ccc2ccc1ccc(C)nc1c2n3,0.509535634
Cc4ccc(c3ccc(N(c1ccccc1)c2ccccc2)cc3)nc4,Cc3ccc2ccc1ccc(C)nc1c2n3,0.124421492
c4ccc(c3ccc(c2cc(c1ccccc1)ccn2)cc3)cc4,Cc3ccc2ccc1ccc(C)nc1c2n3,1.528606903
Fc2ccc(c1ccccn1)cc2,Cc3ccc2ccc1ccc(C)nc1c2n3,0.071813747
Cc2ccc(c1cccc(F)c1)nc2,Cc3ccc2ccc1ccc(C)nc1c2n3,0.972749847
Cc2ccc(c1ccccc1F)nc2,Cc3ccc2ccc1ccc(C)nc1c2n3,0.486374924
Cc2ccc(c1ccc(F)c(C(F)(F)F)c1)nc2,Cc3ccc2ccc1ccc(C)nc1c2n3,0.14861456
Cc2ccc(c1cccc(Cl)c1)nc2,Cc3ccc2ccc1ccc(C)nc1c2n3,0.428009933
c2ccc(Cc1ccccn1)cc2,Cc3ccc2ccc1ccc(C)nc1c2n3,0.281585482
Cc2ccc(c1ccc(C#N)cc1)nc2,Cc3ccc2ccc1ccc(C)nc1c2n3,0.33438276
CCc2ccc(c1ccccc1)nc2,Cc3ccc2ccc1ccc(C)nc1c2n3,0.66876552
Cc2cnc(c1ccccc1)cc2c3ccccc3,Cc3ccc2ccc1ccc(C)nc1c2n3,0.33438276
Fc3ccc(c2cc(c1ccccc1)ccn2)cc3,Cc3ccc2ccc1ccc(C)nc1c2n3,1.33753104
CCc2ccc(c1ccc(Cl)cc1)nc2,Cc3ccc2ccc1ccc(C)nc1c2n3,0.29722912
Clc3ccc(c2cc(c1ccccc1)ccn2)cc3,Cc3ccc2ccc1ccc(C)nc1c2n3,0.411548012
c4ccc(c3ccnc(c2ccc(N1CCCC1)cc2)c3)cc4,Cc3ccc2ccc1ccc(C)nc1c2n3,0.121593731
COc3ccc(c2cc(c1ccccc1)ccn2)cc3,Cc3ccc2ccc1ccc(C)nc1c2n3,1.18891648
COc3ccc(c2cc(c1ccccc1)c(C)cn2)cc3,Cc3ccc2ccc1ccc(C)nc1c2n3,0.89168736
CCc2ccc(c1cccc(OC)c1)nc2,Cc3ccc2ccc1ccc(C)nc1c2n3,1.07E-05
COc3cccc(c2cc(c1ccccc1)ccn2)c3,Cc3ccc2ccc1ccc(C)nc1c2n3,0.078678296
COc2ccc(c1ccc(C)cn1)cc2,Cc3ccc2ccc1ccc(C)nc1c2n3,0.099076373
COc3cccc(c2cc(c1ccccc1)c(C)cn2)c3,Cc3ccc2ccc1ccc(C)nc1c2n3,1.07E-05
c4ccc(c3ccnc(c2ccc1ccccc1c2)c3)cc4,Cc3ccc2ccc1ccc(C)nc1c2n3,0.972749847
FC(F)(F)Oc3ccc(c2nc1ccccc1s2)cc3,Cc3ccc2ccc1ccc(C)nc1c2n3,0.36897408
c4ccc3cc(c2nc1ccccc1o2)ccc3c4,Cc3ccc2ccc1ccc(C)nc1c2n3,0.486374924
c2ccc(c1ccccn1)cc2,Cc2cccc(c1cccc(C)n1)n2,1.07E-05
Cc2ccc(c1ccc(F)cc1F)nc2,Cc2cccc(c1cccc(C)n1)n2,1.07E-05
Cc2ccc(c1ccccc1)nc2,Cc2cccc(c1cccc(C)n1)n2,1.07E-05
c2ccc(n1cccn1)cc2,Cc2cccc(c1cccc(C)n1)n2,1.07E-05
c1ccc3c(c1)ccc2cccnc23,Cc2cccc(c1cccc(C)n1)n2,0.069482132
Cc3ccc(c2ccc(c1ccccc1)cc2)nc3,Cc2cccc(c1cccc(C)n1)n2,1.07E-05
Cc2ccc(c1ccc(F)cc1)nc2,Cc2cccc(c1cccc(C)n1)n2,1.07E-05
c3ccc(c2nc1ccccc1s2)cc3,Cc2cccc(c1cccc(C)n1)n2,1.07E-05
c3ccc(c2nc1ccccc1o2)cc3,Cc2cccc(c1cccc(C)n1)n2,1.07E-05
Cc3ccc(c2nc1ccccc1o2)cc3,Cc2cccc(c1cccc(C)n1)n2,1.07E-05
COc3ccc(c2nc1ccccc1s2)cc3,Cc2cccc(c1cccc(C)n1)n2,1.07E-05
COc3ccc(c2nc1ccccc1o2)cc3,Cc2cccc(c1cccc(C)n1)n2,1.07E-05
Fc3ccc(c2nc1ccccc1o2)cc3,Cc2cccc(c1cccc(C)n1)n2,1.07E-05
Clc3ccc(c2nc1ccccc1s2)cc3,Cc2cccc(c1cccc(C)n1)n2,1.07E-05
Clc3ccc(c2nc1ccccc1o2)cc3,Cc2cccc(c1cccc(C)n1)n2,1.07E-05
Cc2ccc(c1ccc(Cl)cc1)nc2,Cc2cccc(c1cccc(C)n1)n2,0.072298975
FC(F)(F)c3ccc(c2nc1ccccc1s2)cc3,Cc2cccc(c1cccc(C)n1)n2,0.169845211
FC(F)(F)c3ccc(c2nc1ccccc1o2)cc3,Cc2cccc(c1cccc(C)n1)n2,0.345169301
Cc2ccc(c1cccc(C#N)c1)nc2,Cc2cccc(c1cccc(C)n1)n2,0.072790805
COc2cccc(c1ccc(C)cn1)c2,Cc2cccc(c1cccc(C)n1)n2,1.07E-05
Cc2ccc(c1ccc(S(C)(=O)=O)cc1)nc2,Cc2cccc(c1cccc(C)n1)n2,0.06903386
Cc2ccc(c1ccc(OC(F)(F)F)cc1)nc2,Cc2cccc(c1cccc(C)n1)n2,1.07E-05
Cc3ccc(c2ccc1ccccc1c2)nc3,Cc2cccc(c1cccc(C)n1)n2,0.102887003
Cc2ccc(c1ccc(C)cn1)cc2,Cc2cccc(c1cccc(C)n1)n2,1.07E-05
Cc4ccc(c3ccc(N(c1ccccc1)c2ccccc2)cc3)nc4,Cc2cccc(c1cccc(C)n1)n2,1.07E-05
c4ccc(c3ccc(c2cc(c1ccccc1)ccn2)cc3)cc4,Cc2cccc(c1cccc(C)n1)n2,0.105943053
Fc2ccc(c1ccccn1)cc2,Cc2cccc(c1cccc(C)n1)n2,1.07E-05
Cc2ccc(c1cccc(F)c1)nc2,Cc2cccc(c1cccc(C)n1)n2,1.07E-05
Cc2ccc(c1ccccc1F)nc2,Cc2cccc(c1cccc(C)n1)n2,1.07E-05
Cc2ccc(c1ccc(F)c(C(F)(F)F)c1)nc2,Cc2cccc(c1cccc(C)n1)n2,1.07E-05
Cc2ccc(c1cccc(Cl)c1)nc2,Cc2cccc(c1cccc(C)n1)n2,1.07E-05
c2ccc(Cc1ccccn1)cc2,Cc2cccc(c1cccc(C)n1)n2,1.07E-05
Cc2ccc(c1ccc(C#N)cc1)nc2,Cc2cccc(c1cccc(C)n1)n2,1.07E-05
CCc2ccc(c1ccccc1)nc2,Cc2cccc(c1cccc(C)n1)n2,1.07E-05
Cc2cnc(c1ccccc1)cc2c3ccccc3,Cc2cccc(c1cccc(C)n1)n2,1.07E-05
Fc3ccc(c2cc(c1ccccc1)ccn2)cc3,Cc2cccc(c1cccc(C)n1)n2,0.081681285
CCc2ccc(c1ccc(Cl)cc1)nc2,Cc2cccc(c1cccc(C)n1)n2,1.07E-05
Clc3ccc(c2cc(c1ccccc1)ccn2)cc3,Cc2cccc(c1cccc(C)n1)n2,1.07E-05
c4ccc(c3ccnc(c2ccc(N1CCCC1)cc2)c3)cc4,Cc2cccc(c1cccc(C)n1)n2,0.072298975
COc3ccc(c2cc(c1ccccc1)ccn2)cc3,Cc2cccc(c1cccc(C)n1)n2,0.096398633
COc3ccc(c2cc(c1ccccc1)c(C)cn2)cc3,Cc2cccc(c1cccc(C)n1)n2,1.07E-05
CCc2ccc(c1cccc(OC)c1)nc2,Cc2cccc(c1cccc(C)n1)n2,1.07E-05
COc3cccc(c2cc(c1ccccc1)ccn2)c3,Cc2cccc(c1cccc(C)n1)n2,1.07E-05
COc2ccc(c1ccc(C)cn1)cc2,Cc2cccc(c1cccc(C)n1)n2,1.07E-05
COc3cccc(c2cc(c1ccccc1)c(C)cn2)c3,Cc2cccc(c1cccc(C)n1)n2,1.07E-05
c4ccc(c3ccnc(c2ccc1ccccc1c2)c3)cc4,Cc2cccc(c1cccc(C)n1)n2,0.120227509
FC(F)(F)Oc3ccc(c2nc1ccccc1s2)cc3,Cc2cccc(c1cccc(C)n1)n2,1.07E-05
c4ccc3cc(c2nc1ccccc1o2)ccc3c4,Cc2cccc(c1cccc(C)n1)n2,0.289195901
c2ccc(c1ccccn1)cc2,CCCCCCCCCc2ccnc(c1cc(CCCCCCCCC)ccn1)c2,1.070024832
Cc2ccc(c1ccc(F)cc1F)nc2,CCCCCCCCCc2ccnc(c1cc(CCCCCCCCC)ccn1)c2,0.382151726
Cc2ccc(c1ccccc1)nc2,CCCCCCCCCc2ccnc(c1cc(CCCCCCCCC)ccn1)c2,1.18891648
c2ccc(n1cccn1)cc2,CCCCCCCCCc2ccnc(c1cc(CCCCCCCCC)ccn1)c2,1.528606903
c1ccc3c(c1)ccc2cccnc23,CCCCCCCCCc2ccnc(c1cc(CCCCCCCCC)ccn1)c2,1.18891648
Cc3ccc(c2ccc(c1ccccc1)cc2)nc3,CCCCCCCCCc2ccnc(c1cc(CCCCCCCCC)ccn1)c2,1.33753104
Cc2ccc(c1ccc(F)cc1)nc2,CCCCCCCCCc2ccnc(c1cc(CCCCCCCCC)ccn1)c2,0.486374924
c3ccc(c2nc1ccccc1s2)cc3,CCCCCCCCCc2ccnc(c1cc(CCCCCCCCC)ccn1)c2,1.78337472
c3ccc(c2nc1ccccc1o2)cc3,CCCCCCCCCc2ccnc(c1cc(CCCCCCCCC)ccn1)c2,1.18891648
Cc3ccc(c2nc1ccccc1o2)cc3,CCCCCCCCCc2ccnc(c1cc(CCCCCCCCC)ccn1)c2,1.070024832
COc3ccc(c2nc1ccccc1s2)cc3,CCCCCCCCCc2ccnc(c1cc(CCCCCCCCC)ccn1)c2,2.140049664
COc3ccc(c2nc1ccccc1o2)cc3,CCCCCCCCCc2ccnc(c1cc(CCCCCCCCC)ccn1)c2,0.764303451
Fc3ccc(c2nc1ccccc1o2)cc3,CCCCCCCCCc2ccnc(c1cc(CCCCCCCCC)ccn1)c2,0.267506208
Clc3ccc(c2nc1ccccc1s2)cc3,CCCCCCCCCc2ccnc(c1cc(CCCCCCCCC)ccn1)c2,1.78337472
Clc3ccc(c2nc1ccccc1o2)cc3,CCCCCCCCCc2ccnc(c1cc(CCCCCCCCC)ccn1)c2,0.563170964
Cc2ccc(c1ccc(Cl)cc1)nc2,CCCCCCCCCc2ccnc(c1cc(CCCCCCCCC)ccn1)c2,0.486374924
FC(F)(F)c3ccc(c2nc1ccccc1s2)cc3,CCCCCCCCCc2ccnc(c1cc(CCCCCCCCC)ccn1)c2,1.33753104
FC(F)(F)c3ccc(c2nc1ccccc1o2)cc3,CCCCCCCCCc2ccnc(c1cc(CCCCCCCCC)ccn1)c2,0.823096024
Cc2ccc(c1cccc(C#N)c1)nc2,CCCCCCCCCc2ccnc(c1cc(CCCCCCCCC)ccn1)c2,0.345169301
COc2cccc(c1ccc(C)cn1)c2,CCCCCCCCCc2ccnc(c1cc(CCCCCCCCC)ccn1)c2,1.07E-05
Cc2ccc(c1ccc(S(C)(=O)=O)cc1)nc2,CCCCCCCCCc2ccnc(c1cc(CCCCCCCCC)ccn1)c2,0.823096024
Cc2ccc(c1ccc(OC(F)(F)F)cc1)nc2,CCCCCCCCCc2ccnc(c1cc(CCCCCCCCC)ccn1)c2,0.314713186
Cc3ccc(c2ccc1ccccc1c2)nc3,CCCCCCCCCc2ccnc(c1cc(CCCCCCCCC)ccn1)c2,0.89168736
Cc2ccc(c1ccc(C)cn1)cc2,CCCCCCCCCc2ccnc(c1cc(CCCCCCCCC)ccn1)c2,0.535012416
Cc4ccc(c3ccc(N(c1ccccc1)c2ccccc2)cc3)nc4,CCCCCCCCCc2ccnc(c1cc(CCCCCCCCC)ccn1)c2,1.07E-05
c4ccc(c3ccc(c2cc(c1ccccc1)ccn2)cc3)cc4,CCCCCCCCCc2ccnc(c1cc(CCCCCCCCC)ccn1)c2,2.140049664
Fc2ccc(c1ccccn1)cc2,CCCCCCCCCc2ccnc(c1cc(CCCCCCCCC)ccn1)c2,0.89168736
Cc2ccc(c1cccc(F)c1)nc2,CCCCCCCCCc2ccnc(c1cc(CCCCCCCCC)ccn1)c2,1.33753104
Cc2ccc(c1ccccc1F)nc2,CCCCCCCCCc2ccnc(c1cc(CCCCCCCCC)ccn1)c2,1.070024832
Cc2ccc(c1ccc(F)c(C(F)(F)F)c1)nc2,CCCCCCCCCc2ccnc(c1cc(CCCCCCCCC)ccn1)c2,0.356674944
Cc2ccc(c1cccc(Cl)c1)nc2,CCCCCCCCCc2ccnc(c1cc(CCCCCCCCC)ccn1)c2,0.972749847
c2ccc(Cc1ccccn1)cc2,CCCCCCCCCc2ccnc(c1cc(CCCCCCCCC)ccn1)c2,0.281585482
Cc2ccc(c1ccc(C#N)cc1)nc2,CCCCCCCCCc2ccnc(c1cc(CCCCCCCCC)ccn1)c2,0.563170964
CCc2ccc(c1ccccc1)nc2,CCCCCCCCCc2ccnc(c1cc(CCCCCCCCC)ccn1)c2,1.33753104
Cc2cnc(c1ccccc1)cc2c3ccccc3,CCCCCCCCCc2ccnc(c1cc(CCCCCCCCC)ccn1)c2,0.972749847
Fc3ccc(c2cc(c1ccccc1)ccn2)cc3,CCCCCCCCCc2ccnc(c1cc(CCCCCCCCC)ccn1)c2,1.78337472
CCc2ccc(c1ccc(Cl)cc1)nc2,CCCCCCCCCc2ccnc(c1cc(CCCCCCCCC)ccn1)c2,0.66876552
Clc3ccc(c2cc(c1ccccc1)ccn2)cc3,CCCCCCCCCc2ccnc(c1cc(CCCCCCCCC)ccn1)c2,1.070024832
c4ccc(c3ccnc(c2ccc(N1CCCC1)cc2)c3)cc4,CCCCCCCCCc2ccnc(c1cc(CCCCCCCCC)ccn1)c2,0.563170964
COc3ccc(c2cc(c1ccccc1)ccn2)cc3,CCCCCCCCCc2ccnc(c1cc(CCCCCCCCC)ccn1)c2,1.528606903
COc3ccc(c2cc(c1ccccc1)c(C)cn2)cc3,CCCCCCCCCc2ccnc(c1cc(CCCCCCCCC)ccn1)c2,1.33753104
CCc2ccc(c1cccc(OC)c1)nc2,CCCCCCCCCc2ccnc(c1cc(CCCCCCCCC)ccn1)c2,1.07E-05
COc3cccc(c2cc(c1ccccc1)ccn2)c3,CCCCCCCCCc2ccnc(c1cc(CCCCCCCCC)ccn1)c2,1.07E-05
COc2ccc(c1ccc(C)cn1)cc2,CCCCCCCCCc2ccnc(c1cc(CCCCCCCCC)ccn1)c2,1.18891648
COc3cccc(c2cc(c1ccccc1)c(C)cn2)c3,CCCCCCCCCc2ccnc(c1cc(CCCCCCCCC)ccn1)c2,1.07E-05
c4ccc(c3ccnc(c2ccc1ccccc1c2)c3)cc4,CCCCCCCCCc2ccnc(c1cc(CCCCCCCCC)ccn1)c2,1.528606903
FC(F)(F)Oc3ccc(c2nc1ccccc1s2)cc3,CCCCCCCCCc2ccnc(c1cc(CCCCCCCCC)ccn1)c2,1.18891648
c4ccc3cc(c2nc1ccccc1o2)ccc3c4,CCCCCCCCCc2ccnc(c1cc(CCCCCCCCC)ccn1)c2,0.764303451
c2ccc(c1ccccn1)cc2,Cc1ccnc3c1ccc2cccnc23,0.44584368
Cc2ccc(c1ccc(F)cc1F)nc2,Cc1ccnc3c1ccc2cccnc23,0.59445824
Cc2ccc(c1ccccc1)nc2,Cc1ccnc3c1ccc2cccnc23,0.563170964
c2ccc(n1cccn1)cc2,Cc1ccnc3c1ccc2cccnc23,0.509535634
c1ccc3c(c1)ccc2cccnc23,Cc1ccnc3c1ccc2cccnc23,0.629426372
Cc3ccc(c2ccc(c1ccccc1)cc2)nc3,Cc1ccnc3c1ccc2cccnc23,0.823096024
Cc2ccc(c1ccc(F)cc1)nc2,Cc1ccnc3c1ccc2cccnc23,0.59445824
c3ccc(c2nc1ccccc1s2)cc3,Cc1ccnc3c1ccc2cccnc23,1.18891648
c3ccc(c2nc1ccccc1o2)cc3,Cc1ccnc3c1ccc2cccnc23,0.428009933
Cc3ccc(c2nc1ccccc1o2)cc3,Cc1ccnc3c1ccc2cccnc23,0.563170964
COc3ccc(c2nc1ccccc1s2)cc3,Cc1ccnc3c1ccc2cccnc23,1.528606903
COc3ccc(c2nc1ccccc1o2)cc3,Cc1ccnc3c1ccc2cccnc23,0.356674944
Fc3ccc(c2nc1ccccc1o2)cc3,Cc1ccnc3c1ccc2cccnc23,0.254767817
Clc3ccc(c2nc1ccccc1s2)cc3,Cc1ccnc3c1ccc2cccnc23,1.33753104
Clc3ccc(c2nc1ccccc1o2)cc3,Cc1ccnc3c1ccc2cccnc23,0.267506208
Cc2ccc(c1ccc(Cl)cc1)nc2,Cc1ccnc3c1ccc2cccnc23,0.382151726
FC(F)(F)c3ccc(c2nc1ccccc1s2)cc3,Cc1ccnc3c1ccc2cccnc23,0.89168736
FC(F)(F)c3ccc(c2nc1ccccc1o2)cc3,Cc1ccnc3c1ccc2cccnc23,0.428009933
Cc2ccc(c1cccc(C#N)c1)nc2,Cc1ccnc3c1ccc2cccnc23,0.187723655
COc2cccc(c1ccc(C)cn1)c2,Cc1ccnc3c1ccc2cccnc23,1.07E-05
Cc2ccc(c1ccc(S(C)(=O)=O)cc1)nc2,Cc1ccnc3c1ccc2cccnc23,0.59445824
Cc2ccc(c1ccc(OC(F)(F)F)cc1)nc2,Cc1ccnc3c1ccc2cccnc23,0.281585482
Cc3ccc(c2ccc1ccccc1c2)nc3,Cc1ccnc3c1ccc2cccnc23,0.563170964
Cc2ccc(c1ccc(C)cn1)cc2,Cc1ccnc3c1ccc2cccnc23,0.36897408
Cc4ccc(c3ccc(N(c1ccccc1)c2ccccc2)cc3)nc4,Cc1ccnc3c1ccc2cccnc23,1.07E-05
c4ccc(c3ccc(c2cc(c1ccccc1)ccn2)cc3)cc4,Cc1ccnc3c1ccc2cccnc23,2.140049664
Fc2ccc(c1ccccn1)cc2,Cc1ccnc3c1ccc2cccnc23,1.18891648
Cc2ccc(c1cccc(F)c1)nc2,Cc1ccnc3c1ccc2cccnc23,0.972749847
Cc2ccc(c1ccccc1F)nc2,Cc1ccnc3c1ccc2cccnc23,0.563170964
Cc2ccc(c1ccc(F)c(C(F)(F)F)c1)nc2,Cc1ccnc3c1ccc2cccnc23,0.314713186
Cc2ccc(c1cccc(Cl)c1)nc2,Cc1ccnc3c1ccc2cccnc23,0.66876552
c2ccc(Cc1ccccn1)cc2,Cc1ccnc3c1ccc2cccnc23,0.535012416
Cc2ccc(c1ccc(C#N)cc1)nc2,Cc1ccnc3c1ccc2cccnc23,0.396305493
CCc2ccc(c1ccccc1)nc2,Cc1ccnc3c1ccc2cccnc23,1.070024832
Cc2cnc(c1ccccc1)cc2c3ccccc3,Cc1ccnc3c1ccc2cccnc23,0.36897408
Fc3ccc(c2cc(c1ccccc1)ccn2)cc3,Cc1ccnc3c1ccc2cccnc23,1.33753104
CCc2ccc(c1ccc(Cl)cc1)nc2,Cc1ccnc3c1ccc2cccnc23,0.428009933
Clc3ccc(c2cc(c1ccccc1)ccn2)cc3,Cc1ccnc3c1ccc2cccnc23,0.66876552
c4ccc(c3ccnc(c2ccc(N1CCCC1)cc2)c3)cc4,Cc1ccnc3c1ccc2cccnc23,0.076430345
COc3ccc(c2cc(c1ccccc1)ccn2)cc3,Cc1ccnc3c1ccc2cccnc23,1.18891648
COc3ccc(c2cc(c1ccccc1)c(C)cn2)cc3,Cc1ccnc3c1ccc2cccnc23,0.823096024
CCc2ccc(c1cccc(OC)c1)nc2,Cc1ccnc3c1ccc2cccnc23,1.07E-05
COc3cccc(c2cc(c1ccccc1)ccn2)c3,Cc1ccnc3c1ccc2cccnc23,1.07E-05
COc2ccc(c1ccc(C)cn1)cc2,Cc1ccnc3c1ccc2cccnc23,1.070024832
COc3cccc(c2cc(c1ccccc1)c(C)cn2)c3,Cc1ccnc3c1ccc2cccnc23,1.07E-05
c4ccc(c3ccnc(c2ccc1ccccc1c2)c3)cc4,Cc1ccnc3c1ccc2cccnc23,0.764303451
FC(F)(F)Oc3ccc(c2nc1ccccc1s2)cc3,Cc1ccnc3c1ccc2cccnc23,0.89168736
c4ccc3cc(c2nc1ccccc1o2)ccc3c4,Cc1ccnc3c1ccc2cccnc23,0.486374924
c2ccc(c1ccccn1)cc2,CS(C)=O,1.07E-05
Cc2ccc(c1ccc(F)cc1F)nc2,CS(C)=O,1.07E-05
Cc2ccc(c1ccccc1)nc2,CS(C)=O,1.07E-05
c2ccc(n1cccn1)cc2,CS(C)=O,0.086993889
c1ccc3c(c1)ccc2cccnc23,CS(C)=O,1.07E-05
Cc3ccc(c2ccc(c1ccccc1)cc2)nc3,CS(C)=O,1.07E-05
Cc2ccc(c1ccc(F)cc1)nc2,CS(C)=O,1.07E-05
c3ccc(c2nc1ccccc1s2)cc3,CS(C)=O,1.07E-05
c3ccc(c2nc1ccccc1o2)cc3,CS(C)=O,1.07E-05
Cc3ccc(c2nc1ccccc1o2)cc3,CS(C)=O,1.07E-05
COc3ccc(c2nc1ccccc1s2)cc3,CS(C)=O,1.07E-05
COc3ccc(c2nc1ccccc1o2)cc3,CS(C)=O,1.07E-05
Fc3ccc(c2nc1ccccc1o2)cc3,CS(C)=O,1.07E-05
Clc3ccc(c2nc1ccccc1s2)cc3,CS(C)=O,1.07E-05
Clc3ccc(c2nc1ccccc1o2)cc3,CS(C)=O,0.113832429
Cc2ccc(c1ccc(Cl)cc1)nc2,CS(C)=O,0.099076373
FC(F)(F)c3ccc(c2nc1ccccc1s2)cc3,CS(C)=O,1.07E-05
FC(F)(F)c3ccc(c2nc1ccccc1o2)cc3,CS(C)=O,0.274365341
Cc2ccc(c1cccc(C#N)c1)nc2,CS(C)=O,0.075353862
COc2cccc(c1ccc(C)cn1)c2,CS(C)=O,1.07E-05
Cc2ccc(c1ccc(S(C)(=O)=O)cc1)nc2,CS(C)=O,0.096398633
Cc2ccc(c1ccc(OC(F)(F)F)cc1)nc2,CS(C)=O,1.07E-05
Cc3ccc(c2ccc1ccccc1c2)nc3,CS(C)=O,0.081062487
Cc2ccc(c1ccc(C)cn1)cc2,CS(C)=O,0.074826911
Cc4ccc(c3ccc(N(c1ccccc1)c2ccccc2)cc3)nc4,CS(C)=O,0.274365341
c4ccc(c3ccc(c2cc(c1ccccc1)ccn2)cc3)cc4,CS(C)=O,1.07E-05
Fc2ccc(c1ccccn1)cc2,CS(C)=O,1.07E-05
Cc2ccc(c1cccc(F)c1)nc2,CS(C)=O,1.07E-05
Cc2ccc(c1ccccc1F)nc2,CS(C)=O,1.07E-05
Cc2ccc(c1ccc(F)c(C(F)(F)F)c1)nc2,CS(C)=O,1.07E-05
Cc2ccc(c1cccc(Cl)c1)nc2,CS(C)=O,0.074826911
c2ccc(Cc1ccccn1)cc2,CS(C)=O,1.07E-05
Cc2ccc(c1ccc(C#N)cc1)nc2,CS(C)=O,1.07E-05
CCc2ccc(c1ccccc1)nc2,CS(C)=O,1.07E-05
Cc2cnc(c1ccccc1)cc2c3ccccc3,CS(C)=O,1.07E-05
Fc3ccc(c2cc(c1ccccc1)ccn2)cc3,CS(C)=O,1.07E-05
CCc2ccc(c1ccc(Cl)cc1)nc2,CS(C)=O,0.099076373
Clc3ccc(c2cc(c1ccccc1)ccn2)cc3,CS(C)=O,0.086993889
c4ccc(c3ccnc(c2ccc(N1CCCC1)cc2)c3)cc4,CS(C)=O,1.07E-05
COc3ccc(c2cc(c1ccccc1)ccn2)cc3,CS(C)=O,1.07E-05
COc3ccc(c2cc(c1ccccc1)c(C)cn2)cc3,CS(C)=O,1.07E-05
CCc2ccc(c1cccc(OC)c1)nc2,CS(C)=O,1.07E-05
COc3cccc(c2cc(c1ccccc1)ccn2)c3,CS(C)=O,1.07E-05
COc2ccc(c1ccc(C)cn1)cc2,CS(C)=O,1.07E-05
COc3cccc(c2cc(c1ccccc1)c(C)cn2)c3,CS(C)=O,1.07E-05
c4ccc(c3ccnc(c2ccc1ccccc1c2)c3)cc4,CS(C)=O,1.07E-05
FC(F)(F)Oc3ccc(c2nc1ccccc1s2)cc3,CS(C)=O,1.07E-05
c4ccc3cc(c2nc1ccccc1o2)ccc3c4,CS(C)=O,0.267506208
c2ccc(c1ccccn1)cc2,CC(C)(O)Cc2ccc(c1ccc(CC(C)(C)O)cn1)nc2,0.972749847
Cc2ccc(c1ccc(F)cc1F)nc2,CC(C)(O)Cc2ccc(c1ccc(CC(C)(C)O)cn1)nc2,0.396305493
Cc2ccc(c1ccccc1)nc2,CC(C)(O)Cc2ccc(c1ccc(CC(C)(C)O)cn1)nc2,1.18891648
c2ccc(n1cccn1)cc2,CC(C)(O)Cc2ccc(c1ccc(CC(C)(C)O)cn1)nc2,0.972749847
c1ccc3c(c1)ccc2cccnc23,CC(C)(O)Cc2ccc(c1ccc(CC(C)(C)O)cn1)nc2,0.823096024
Cc3ccc(c2ccc(c1ccccc1)cc2)nc3,CC(C)(O)Cc2ccc(c1ccc(CC(C)(C)O)cn1)nc2,1.78337472
Cc2ccc(c1ccc(F)cc1)nc2,CC(C)(O)Cc2ccc(c1ccc(CC(C)(C)O)cn1)nc2,0.44584368
c3ccc(c2nc1ccccc1s2)cc3,CC(C)(O)Cc2ccc(c1ccc(CC(C)(C)O)cn1)nc2,1.528606903
c3ccc(c2nc1ccccc1o2)cc3,CC(C)(O)Cc2ccc(c1ccc(CC(C)(C)O)cn1)nc2,0.89168736
Cc3ccc(c2nc1ccccc1o2)cc3,CC(C)(O)Cc2ccc(c1ccc(CC(C)(C)O)cn1)nc2,1.070024832
COc3ccc(c2nc1ccccc1s2)cc3,CC(C)(O)Cc2ccc(c1ccc(CC(C)(C)O)cn1)nc2,2.140049664
COc3ccc(c2nc1ccccc1o2)cc3,CC(C)(O)Cc2ccc(c1ccc(CC(C)(C)O)cn1)nc2,0.535012416
Fc3ccc(c2nc1ccccc1o2)cc3,CC(C)(O)Cc2ccc(c1ccc(CC(C)(C)O)cn1)nc2,0.191075863
Clc3ccc(c2nc1ccccc1s2)cc3,CC(C)(O)Cc2ccc(c1ccc(CC(C)(C)O)cn1)nc2,1.33753104
Clc3ccc(c2nc1ccccc1o2)cc3,CC(C)(O)Cc2ccc(c1ccc(CC(C)(C)O)cn1)nc2,0.465228188
Cc2ccc(c1ccc(Cl)cc1)nc2,CC(C)(O)Cc2ccc(c1ccc(CC(C)(C)O)cn1)nc2,0.713349888
FC(F)(F)c3ccc(c2nc1ccccc1s2)cc3,CC(C)(O)Cc2ccc(c1ccc(CC(C)(C)O)cn1)nc2,1.33753104
FC(F)(F)c3ccc(c2nc1ccccc1o2)cc3,CC(C)(O)Cc2ccc(c1ccc(CC(C)(C)O)cn1)nc2,0.563170964
Cc2ccc(c1cccc(C#N)c1)nc2,CC(C)(O)Cc2ccc(c1ccc(CC(C)(C)O)cn1)nc2,0.36897408
COc2cccc(c1ccc(C)cn1)c2,CC(C)(O)Cc2ccc(c1ccc(CC(C)(C)O)cn1)nc2,1.07E-05
Cc2ccc(c1ccc(S(C)(=O)=O)cc1)nc2,CC(C)(O)Cc2ccc(c1ccc(CC(C)(C)O)cn1)nc2,1.528606903
Cc2ccc(c1ccc(OC(F)(F)F)cc1)nc2,CC(C)(O)Cc2ccc(c1ccc(CC(C)(C)O)cn1)nc2,0.486374924
Cc3ccc(c2ccc1ccccc1c2)nc3,CC(C)(O)Cc2ccc(c1ccc(CC(C)(C)O)cn1)nc2,0.972749847
Cc2ccc(c1ccc(C)cn1)cc2,CC(C)(O)Cc2ccc(c1ccc(CC(C)(C)O)cn1)nc2,0.764303451
Cc4ccc(c3ccc(N(c1ccccc1)c2ccccc2)cc3)nc4,CC(C)(O)Cc2ccc(c1ccc(CC(C)(C)O)cn1)nc2,1.07E-05
c4ccc(c3ccc(c2cc(c1ccccc1)ccn2)cc3)cc4,CC(C)(O)Cc2ccc(c1ccc(CC(C)(C)O)cn1)nc2,2.140049664
Fc2ccc(c1ccccn1)cc2,CC(C)(O)Cc2ccc(c1ccc(CC(C)(C)O)cn1)nc2,1.33753104
Cc2ccc(c1cccc(F)c1)nc2,CC(C)(O)Cc2ccc(c1ccc(CC(C)(C)O)cn1)nc2,1.78337472
Cc2ccc(c1ccccc1F)nc2,CC(C)(O)Cc2ccc(c1ccc(CC(C)(C)O)cn1)nc2,0.89168736
Cc2ccc(c1ccc(F)c(C(F)(F)F)c1)nc2,CC(C)(O)Cc2ccc(c1ccc(CC(C)(C)O)cn1)nc2,0.44584368
Cc2ccc(c1cccc(Cl)c1)nc2,CC(C)(O)Cc2ccc(c1ccc(CC(C)(C)O)cn1)nc2,1.33753104
c2ccc(Cc1ccccn1)cc2,CC(C)(O)Cc2ccc(c1ccc(CC(C)(C)O)cn1)nc2,0.629426372
Cc2ccc(c1ccc(C#N)cc1)nc2,CC(C)(O)Cc2ccc(c1ccc(CC(C)(C)O)cn1)nc2,0.563170964
CCc2ccc(c1ccccc1)nc2,CC(C)(O)Cc2ccc(c1ccc(CC(C)(C)O)cn1)nc2,1.528606903
Cc2cnc(c1ccccc1)cc2c3ccccc3,CC(C)(O)Cc2ccc(c1ccc(CC(C)(C)O)cn1)nc2,0.823096024
Fc3ccc(c2cc(c1ccccc1)ccn2)cc3,CC(C)(O)Cc2ccc(c1ccc(CC(C)(C)O)cn1)nc2,2.140049664
CCc2ccc(c1ccc(Cl)cc1)nc2,CC(C)(O)Cc2ccc(c1ccc(CC(C)(C)O)cn1)nc2,0.972749847
Clc3ccc(c2cc(c1ccccc1)ccn2)cc3,CC(C)(O)Cc2ccc(c1ccc(CC(C)(C)O)cn1)nc2,1.528606903
c4ccc(c3ccnc(c2ccc(N1CCCC1)cc2)c3)cc4,CC(C)(O)Cc2ccc(c1ccc(CC(C)(C)O)cn1)nc2,0.33438276
COc3ccc(c2cc(c1ccccc1)ccn2)cc3,CC(C)(O)Cc2ccc(c1ccc(CC(C)(C)O)cn1)nc2,2.140049664
COc3ccc(c2cc(c1ccccc1)c(C)cn2)cc3,CC(C)(O)Cc2ccc(c1ccc(CC(C)(C)O)cn1)nc2,1.18891648
CCc2ccc(c1cccc(OC)c1)nc2,CC(C)(O)Cc2ccc(c1ccc(CC(C)(C)O)cn1)nc2,1.07E-05
COc3cccc(c2cc(c1ccccc1)ccn2)c3,CC(C)(O)Cc2ccc(c1ccc(CC(C)(C)O)cn1)nc2,1.07E-05
COc2ccc(c1ccc(C)cn1)cc2,CC(C)(O)Cc2ccc(c1ccc(CC(C)(C)O)cn1)nc2,1.070024832
COc3cccc(c2cc(c1ccccc1)c(C)cn2)c3,CC(C)(O)Cc2ccc(c1ccc(CC(C)(C)O)cn1)nc2,1.07E-05
c4ccc(c3ccnc(c2ccc1ccccc1c2)c3)cc4,CC(C)(O)Cc2ccc(c1ccc(CC(C)(C)O)cn1)nc2,1.528606903
FC(F)(F)Oc3ccc(c2nc1ccccc1s2)cc3,CC(C)(O)Cc2ccc(c1ccc(CC(C)(C)O)cn1)nc2,1.33753104
c4ccc3cc(c2nc1ccccc1o2)ccc3c4,CC(C)(O)Cc2ccc(c1ccc(CC(C)(C)O)cn1)nc2,0.823096024
c2ccc(c1ccccn1)cc2,c4ccc(c3ccnc(c2cc(c1ccccc1)ccn2)c3)cc4,0.428009933
Cc2ccc(c1ccc(F)cc1F)nc2,c4ccc(c3ccnc(c2cc(c1ccccc1)ccn2)c3)cc4,0.16719138
Cc2ccc(c1ccccc1)nc2,c4ccc(c3ccnc(c2cc(c1ccccc1)ccn2)c3)cc4,0.486374924
c2ccc(n1cccn1)cc2,c4ccc(c3ccnc(c2cc(c1ccccc1)ccn2)c3)cc4,0.486374924
c1ccc3c(c1)ccc2cccnc23,c4ccc(c3ccnc(c2cc(c1ccccc1)ccn2)c3)cc4,0.563170964
Cc3ccc(c2ccc(c1ccccc1)cc2)nc3,c4ccc(c3ccnc(c2cc(c1ccccc1)ccn2)c3)cc4,0.764303451
Cc2ccc(c1ccc(F)cc1)nc2,c4ccc(c3ccnc(c2cc(c1ccccc1)ccn2)c3)cc4,0.281585482
c3ccc(c2nc1ccccc1s2)cc3,c4ccc(c3ccnc(c2cc(c1ccccc1)ccn2)c3)cc4,0.764303451
c3ccc(c2nc1ccccc1o2)cc3,c4ccc(c3ccnc(c2cc(c1ccccc1)ccn2)c3)cc4,0.486374924
Cc3ccc(c2nc1ccccc1o2)cc3,c4ccc(c3ccnc(c2cc(c1ccccc1)ccn2)c3)cc4,0.509535634
COc3ccc(c2nc1ccccc1s2)cc3,c4ccc(c3ccnc(c2cc(c1ccccc1)ccn2)c3)cc4,1.33753104
COc3ccc(c2nc1ccccc1o2)cc3,c4ccc(c3ccnc(c2cc(c1ccccc1)ccn2)c3)cc4,0.254767817
Fc3ccc(c2nc1ccccc1o2)cc3,c4ccc(c3ccnc(c2cc(c1ccccc1)ccn2)c3)cc4,0.11146092
Clc3ccc(c2nc1ccccc1s2)cc3,c4ccc(c3ccnc(c2cc(c1ccccc1)ccn2)c3)cc4,1.070024832
Clc3ccc(c2nc1ccccc1o2)cc3,c4ccc(c3ccnc(c2cc(c1ccccc1)ccn2)c3)cc4,0.18448704
Cc2ccc(c1ccc(Cl)cc1)nc2,c4ccc(c3ccnc(c2cc(c1ccccc1)ccn2)c3)cc4,0.314713186
FC(F)(F)c3ccc(c2nc1ccccc1s2)cc3,c4ccc(c3ccnc(c2cc(c1ccccc1)ccn2)c3)cc4,0.764303451
FC(F)(F)c3ccc(c2nc1ccccc1o2)cc3,c4ccc(c3ccnc(c2cc(c1ccccc1)ccn2)c3)cc4,0.36897408
Cc2ccc(c1cccc(C#N)c1)nc2,c4ccc(c3ccnc(c2cc(c1ccccc1)ccn2)c3)cc4,0.191075863
COc2cccc(c1ccc(C)cn1)c2,c4ccc(c3ccnc(c2cc(c1ccccc1)ccn2)c3)cc4,1.07E-05
Cc2ccc(c1ccc(S(C)(=O)=O)cc1)nc2,c4ccc(c3ccnc(c2cc(c1ccccc1)ccn2)c3)cc4,0.535012416
Cc2ccc(c1ccc(OC(F)(F)F)cc1)nc2,c4ccc(c3ccnc(c2cc(c1ccccc1)ccn2)c3)cc4,0.22292184
Cc3ccc(c2ccc1ccccc1c2)nc3,c4ccc(c3ccnc(c2cc(c1ccccc1)ccn2)c3)cc4,0.629426372
Cc2ccc(c1ccc(C)cn1)cc2,c4ccc(c3ccnc(c2cc(c1ccccc1)ccn2)c3)cc4,0.382151726
Cc4ccc(c3ccc(N(c1ccccc1)c2ccccc2)cc3)nc4,c4ccc(c3ccnc(c2cc(c1ccccc1)ccn2)c3)cc4,0.089168736
c4ccc(c3ccc(c2cc(c1ccccc1)ccn2)cc3)cc4,c4ccc(c3ccnc(c2cc(c1ccccc1)ccn2)c3)cc4,1.18891648
Fc2ccc(c1ccccn1)cc2,c4ccc(c3ccnc(c2cc(c1ccccc1)ccn2)c3)cc4,0.764303451
Cc2ccc(c1cccc(F)c1)nc2,c4ccc(c3ccnc(c2cc(c1ccccc1)ccn2)c3)cc4,0.713349888
Cc2ccc(c1ccccc1F)nc2,c4ccc(c3ccnc(c2cc(c1ccccc1)ccn2)c3)cc4,0.44584368
Cc2ccc(c1ccc(F)c(C(F)(F)F)c1)nc2,c4ccc(c3ccnc(c2cc(c1ccccc1)ccn2)c3)cc4,0.209808791
Cc2ccc(c1cccc(Cl)c1)nc2,c4ccc(c3ccnc(c2cc(c1ccccc1)ccn2)c3)cc4,0.713349888
c2ccc(Cc1ccccn1)cc2,c4ccc(c3ccnc(c2cc(c1ccccc1)ccn2)c3)cc4,0.201891478
Cc2ccc(c1ccc(C#N)cc1)nc2,c4ccc(c3ccnc(c2cc(c1ccccc1)ccn2)c3)cc4,0.29722912
CCc2ccc(c1ccccc1)nc2,c4ccc(c3ccnc(c2cc(c1ccccc1)ccn2)c3)cc4,0.59445824
Cc2cnc(c1ccccc1)cc2c3ccccc3,c4ccc(c3ccnc(c2cc(c1ccccc1)ccn2)c3)cc4,0.629426372
Fc3ccc(c2cc(c1ccccc1)ccn2)cc3,c4ccc(c3ccnc(c2cc(c1ccccc1)ccn2)c3)cc4,1.18891648
CCc2ccc(c1ccc(Cl)cc1)nc2,c4ccc(c3ccnc(c2cc(c1ccccc1)ccn2)c3)cc4,0.486374924
Clc3ccc(c2cc(c1ccccc1)ccn2)cc3,c4ccc(c3ccnc(c2cc(c1ccccc1)ccn2)c3)cc4,0.629426372
c4ccc(c3ccnc(c2ccc(N1CCCC1)cc2)c3)cc4,c4ccc(c3ccnc(c2cc(c1ccccc1)ccn2)c3)cc4,0.133753104
COc3ccc(c2cc(c1ccccc1)ccn2)cc3,c4ccc(c3ccnc(c2cc(c1ccccc1)ccn2)c3)cc4,1.070024832
COc3ccc(c2cc(c1ccccc1)c(C)cn2)cc3,c4ccc(c3ccnc(c2cc(c1ccccc1)ccn2)c3)cc4,0.563170964
CCc2ccc(c1cccc(OC)c1)nc2,c4ccc(c3ccnc(c2cc(c1ccccc1)ccn2)c3)cc4,1.07E-05
COc3cccc(c2cc(c1ccccc1)ccn2)c3,c4ccc(c3ccnc(c2cc(c1ccccc1)ccn2)c3)cc4,1.07E-05
COc2ccc(c1ccc(C)cn1)cc2,c4ccc(c3ccnc(c2cc(c1ccccc1)ccn2)c3)cc4,0.563170964
COc3cccc(c2cc(c1ccccc1)c(C)cn2)c3,c4ccc(c3ccnc(c2cc(c1ccccc1)ccn2)c3)cc4,1.07E-05
c4ccc(c3ccnc(c2ccc1ccccc1c2)c3)cc4,c4ccc(c3ccnc(c2cc(c1ccccc1)ccn2)c3)cc4,0.823096024
FC(F)(F)Oc3ccc(c2nc1ccccc1s2)cc3,c4ccc(c3ccnc(c2cc(c1ccccc1)ccn2)c3)cc4,0.59445824
c4ccc3cc(c2nc1ccccc1o2)ccc3c4,c4ccc(c3ccnc(c2cc(c1ccccc1)ccn2)c3)cc4,0.428009933
c2ccc(c1ccccn1)cc2,CC(C)(C)c2ccnc(c1cc(C(C)(C)C)ccn1)c2,0.89168736
Cc2ccc(c1ccc(F)cc1F)nc2,CC(C)(C)c2ccnc(c1cc(C(C)(C)C)ccn1)c2,0.30572138
Cc2ccc(c1ccccc1)nc2,CC(C)(C)c2ccnc(c1cc(C(C)(C)C)ccn1)c2,0.972749847
c2ccc(n1cccn1)cc2,CC(C)(C)c2ccnc(c1cc(C(C)(C)C)ccn1)c2,0.713349888
c1ccc3c(c1)ccc2cccnc23,CC(C)(C)c2ccnc(c1cc(C(C)(C)C)ccn1)c2,1.070024832
Cc3ccc(c2ccc(c1ccccc1)cc2)nc3,CC(C)(C)c2ccnc(c1cc(C(C)(C)C)ccn1)c2,1.33753104
Cc2ccc(c1ccc(F)cc1)nc2,CC(C)(C)c2ccnc(c1cc(C(C)(C)C)ccn1)c2,0.486374924
c3ccc(c2nc1ccccc1s2)cc3,CC(C)(C)c2ccnc(c1cc(C(C)(C)C)ccn1)c2,1.78337472
c3ccc(c2nc1ccccc1o2)cc3,CC(C)(C)c2ccnc(c1cc(C(C)(C)C)ccn1)c2,0.823096024
Cc3ccc(c2nc1ccccc1o2)cc3,CC(C)(C)c2ccnc(c1cc(C(C)(C)C)ccn1)c2,0.823096024
COc3ccc(c2nc1ccccc1s2)cc3,CC(C)(C)c2ccnc(c1cc(C(C)(C)C)ccn1)c2,2.140049664
COc3ccc(c2nc1ccccc1o2)cc3,CC(C)(C)c2ccnc(c1cc(C(C)(C)C)ccn1)c2,1.070024832
Fc3ccc(c2nc1ccccc1o2)cc3,CC(C)(C)c2ccnc(c1cc(C(C)(C)C)ccn1)c2,0.535012416
Clc3ccc(c2nc1ccccc1s2)cc3,CC(C)(C)c2ccnc(c1cc(C(C)(C)C)ccn1)c2,1.78337472
Clc3ccc(c2nc1ccccc1o2)cc3,CC(C)(C)c2ccnc(c1cc(C(C)(C)C)ccn1)c2,0.121593731
Cc2ccc(c1ccc(Cl)cc1)nc2,CC(C)(C)c2ccnc(c1cc(C(C)(C)C)ccn1)c2,0.59445824
FC(F)(F)c3ccc(c2nc1ccccc1s2)cc3,CC(C)(C)c2ccnc(c1cc(C(C)(C)C)ccn1)c2,1.528606903
FC(F)(F)c3ccc(c2nc1ccccc1o2)cc3,CC(C)(C)c2ccnc(c1cc(C(C)(C)C)ccn1)c2,0.89168736
Cc2ccc(c1cccc(C#N)c1)nc2,CC(C)(C)c2ccnc(c1cc(C(C)(C)C)ccn1)c2,0.274365341
COc2cccc(c1ccc(C)cn1)c2,CC(C)(C)c2ccnc(c1cc(C(C)(C)C)ccn1)c2,1.07E-05
Cc2ccc(c1ccc(S(C)(=O)=O)cc1)nc2,CC(C)(C)c2ccnc(c1cc(C(C)(C)C)ccn1)c2,0.823096024
Cc2ccc(c1ccc(OC(F)(F)F)cc1)nc2,CC(C)(C)c2ccnc(c1cc(C(C)(C)C)ccn1)c2,0.281585482
Cc3ccc(c2ccc1ccccc1c2)nc3,CC(C)(C)c2ccnc(c1cc(C(C)(C)C)ccn1)c2,0.89168736
Cc2ccc(c1ccc(C)cn1)cc2,CC(C)(C)c2ccnc(c1cc(C(C)(C)C)ccn1)c2,0.44584368
Cc4ccc(c3ccc(N(c1ccccc1)c2ccccc2)cc3)nc4,CC(C)(C)c2ccnc(c1cc(C(C)(C)C)ccn1)c2,0.067297159
c4ccc(c3ccc(c2cc(c1ccccc1)ccn2)cc3)cc4,CC(C)(C)c2ccnc(c1cc(C(C)(C)C)ccn1)c2,2.140049664
Fc2ccc(c1ccccn1)cc2,CC(C)(C)c2ccnc(c1cc(C(C)(C)C)ccn1)c2,0.89168736
Cc2ccc(c1cccc(F)c1)nc2,CC(C)(C)c2ccnc(c1cc(C(C)(C)C)ccn1)c2,1.33753104
Cc2ccc(c1ccccc1F)nc2,CC(C)(C)c2ccnc(c1cc(C(C)(C)C)ccn1)c2,1.070024832
Cc2ccc(c1ccc(F)c(C(F)(F)F)c1)nc2,CC(C)(C)c2ccnc(c1cc(C(C)(C)C)ccn1)c2,0.44584368
Cc2ccc(c1cccc(Cl)c1)nc2,CC(C)(C)c2ccnc(c1cc(C(C)(C)C)ccn1)c2,0.89168736
c2ccc(Cc1ccccn1)cc2,CC(C)(C)c2ccnc(c1cc(C(C)(C)C)ccn1)c2,0.187723655
Cc2ccc(c1ccc(C#N)cc1)nc2,CC(C)(C)c2ccnc(c1cc(C(C)(C)C)ccn1)c2,0.465228188
CCc2ccc(c1ccccc1)nc2,CC(C)(C)c2ccnc(c1cc(C(C)(C)C)ccn1)c2,1.528606903
Cc2cnc(c1ccccc1)cc2c3ccccc3,CC(C)(C)c2ccnc(c1cc(C(C)(C)C)ccn1)c2,0.89168736
Fc3ccc(c2cc(c1ccccc1)ccn2)cc3,CC(C)(C)c2ccnc(c1cc(C(C)(C)C)ccn1)c2,2.140049664
CCc2ccc(c1ccc(Cl)cc1)nc2,CC(C)(C)c2ccnc(c1cc(C(C)(C)C)ccn1)c2,0.563170964
Clc3ccc(c2cc(c1ccccc1)ccn2)cc3,CC(C)(C)c2ccnc(c1cc(C(C)(C)C)ccn1)c2,0.972749847
c4ccc(c3ccnc(c2ccc(N1CCCC1)cc2)c3)cc4,CC(C)(C)c2ccnc(c1cc(C(C)(C)C)ccn1)c2,0.209808791
COc3ccc(c2cc(c1ccccc1)ccn2)cc3,CC(C)(C)c2ccnc(c1cc(C(C)(C)C)ccn1)c2,1.78337472
COc3ccc(c2cc(c1ccccc1)c(C)cn2)cc3,CC(C)(C)c2ccnc(c1cc(C(C)(C)C)ccn1)c2,1.33753104
CCc2ccc(c1cccc(OC)c1)nc2,CC(C)(C)c2ccnc(c1cc(C(C)(C)C)ccn1)c2,1.07E-05
COc3cccc(c2cc(c1ccccc1)ccn2)c3,CC(C)(C)c2ccnc(c1cc(C(C)(C)C)ccn1)c2,1.07E-05
COc2ccc(c1ccc(C)cn1)cc2,CC(C)(C)c2ccnc(c1cc(C(C)(C)C)ccn1)c2,0.89168736
COc3cccc(c2cc(c1ccccc1)c(C)cn2)c3,CC(C)(C)c2ccnc(c1cc(C(C)(C)C)ccn1)c2,1.07E-05
c4ccc(c3ccnc(c2ccc1ccccc1c2)c3)cc4,CC(C)(C)c2ccnc(c1cc(C(C)(C)C)ccn1)c2,1.528606903
FC(F)(F)Oc3ccc(c2nc1ccccc1s2)cc3,CC(C)(C)c2ccnc(c1cc(C(C)(C)C)ccn1)c2,1.528606903
c4ccc3cc(c2nc1ccccc1o2)ccc3c4,CC(C)(C)c2ccnc(c1cc(C(C)(C)C)ccn1)c2,0.89168736
c2ccc(c1ccccn1)cc2,FC(F)(F)c2ccc(c1ccc(C(F)(F)F)cn1)nc2,1.07E-05
Cc2ccc(c1ccc(F)cc1F)nc2,FC(F)(F)c2ccc(c1ccc(C(F)(F)F)cn1)nc2,1.07E-05
Cc2ccc(c1ccccc1)nc2,FC(F)(F)c2ccc(c1ccc(C(F)(F)F)cn1)nc2,1.07E-05
c2ccc(n1cccn1)cc2,FC(F)(F)c2ccc(c1ccc(C(F)(F)F)cn1)nc2,1.07E-05
c1ccc3c(c1)ccc2cccnc23,FC(F)(F)c2ccc(c1ccc(C(F)(F)F)cn1)nc2,1.07E-05
Cc3ccc(c2ccc(c1ccccc1)cc2)nc3,FC(F)(F)c2ccc(c1ccc(C(F)(F)F)cn1)nc2,1.07E-05
Cc2ccc(c1ccc(F)cc1)nc2,FC(F)(F)c2ccc(c1ccc(C(F)(F)F)cn1)nc2,0.091455114
c3ccc(c2nc1ccccc1s2)cc3,FC(F)(F)c2ccc(c1ccc(C(F)(F)F)cn1)nc2,0.237783296
c3ccc(c2nc1ccccc1o2)cc3,FC(F)(F)c2ccc(c1ccc(C(F)(F)F)cn1)nc2,0.227664858
Cc3ccc(c2nc1ccccc1o2)cc3,FC(F)(F)c2ccc(c1ccc(C(F)(F)F)cn1)nc2,0.201891478
COc3ccc(c2nc1ccccc1s2)cc3,FC(F)(F)c2ccc(c1ccc(C(F)(F)F)cn1)nc2,0.29722912
COc3ccc(c2nc1ccccc1o2)cc3,FC(F)(F)c2ccc(c1ccc(C(F)(F)F)cn1)nc2,0.356674944
Fc3ccc(c2nc1ccccc1o2)cc3,FC(F)(F)c2ccc(c1ccc(C(F)(F)F)cn1)nc2,0.254767817
Clc3ccc(c2nc1ccccc1s2)cc3,FC(F)(F)c2ccc(c1ccc(C(F)(F)F)cn1)nc2,0.198152747
Clc3ccc(c2nc1ccccc1o2)cc3,FC(F)(F)c2ccc(c1ccc(C(F)(F)F)cn1)nc2,1.07E-05
Cc2ccc(c1ccc(Cl)cc1)nc2,FC(F)(F)c2ccc(c1ccc(C(F)(F)F)cn1)nc2,1.07E-05
FC(F)(F)c3ccc(c2nc1ccccc1s2)cc3,FC(F)(F)c2ccc(c1ccc(C(F)(F)F)cn1)nc2,0.356674944
FC(F)(F)c3ccc(c2nc1ccccc1o2)cc3,FC(F)(F)c2ccc(c1ccc(C(F)(F)F)cn1)nc2,0.30572138
Cc2ccc(c1cccc(C#N)c1)nc2,FC(F)(F)c2ccc(c1ccc(C(F)(F)F)cn1)nc2,1.07E-05
COc2cccc(c1ccc(C)cn1)c2,FC(F)(F)c2ccc(c1ccc(C(F)(F)F)cn1)nc2,1.07E-05
Cc2ccc(c1ccc(S(C)(=O)=O)cc1)nc2,FC(F)(F)c2ccc(c1ccc(C(F)(F)F)cn1)nc2,1.07E-05
Cc2ccc(c1ccc(OC(F)(F)F)cc1)nc2,FC(F)(F)c2ccc(c1ccc(C(F)(F)F)cn1)nc2,1.07E-05
Cc3ccc(c2ccc1ccccc1c2)nc3,FC(F)(F)c2ccc(c1ccc(C(F)(F)F)cn1)nc2,1.07E-05
Cc2ccc(c1ccc(C)cn1)cc2,FC(F)(F)c2ccc(c1ccc(C(F)(F)F)cn1)nc2,1.07E-05
Cc4ccc(c3ccc(N(c1ccccc1)c2ccccc2)cc3)nc4,FC(F)(F)c2ccc(c1ccc(C(F)(F)F)cn1)nc2,1.07E-05
c4ccc(c3ccc(c2cc(c1ccccc1)ccn2)cc3)cc4,FC(F)(F)c2ccc(c1ccc(C(F)(F)F)cn1)nc2,0.274365341
Fc2ccc(c1ccccn1)cc2,FC(F)(F)c2ccc(c1ccc(C(F)(F)F)cn1)nc2,0.073289372
Cc2ccc(c1cccc(F)c1)nc2,FC(F)(F)c2ccc(c1ccc(C(F)(F)F)cn1)nc2,1.07E-05
Cc2ccc(c1ccccc1F)nc2,FC(F)(F)c2ccc(c1ccc(C(F)(F)F)cn1)nc2,1.07E-05
Cc2ccc(c1ccc(F)c(C(F)(F)F)c1)nc2,FC(F)(F)c2ccc(c1ccc(C(F)(F)F)cn1)nc2,1.07E-05
Cc2ccc(c1cccc(Cl)c1)nc2,FC(F)(F)c2ccc(c1ccc(C(F)(F)F)cn1)nc2,1.07E-05
c2ccc(Cc1ccccn1)cc2,FC(F)(F)c2ccc(c1ccc(C(F)(F)F)cn1)nc2,1.07E-05
Cc2ccc(c1ccc(C#N)cc1)nc2,FC(F)(F)c2ccc(c1ccc(C(F)(F)F)cn1)nc2,1.07E-05
CCc2ccc(c1ccccc1)nc2,FC(F)(F)c2ccc(c1ccc(C(F)(F)F)cn1)nc2,1.07E-05
Cc2cnc(c1ccccc1)cc2c3ccccc3,FC(F)(F)c2ccc(c1ccc(C(F)(F)F)cn1)nc2,1.07E-05
Fc3ccc(c2cc(c1ccccc1)ccn2)cc3,FC(F)(F)c2ccc(c1ccc(C(F)(F)F)cn1)nc2,0.132101831
CCc2ccc(c1ccc(Cl)cc1)nc2,FC(F)(F)c2ccc(c1ccc(C(F)(F)F)cn1)nc2,1.07E-05
Clc3ccc(c2cc(c1ccccc1)ccn2)cc3,FC(F)(F)c2ccc(c1ccc(C(F)(F)F)cn1)nc2,1.07E-05
c4ccc(c3ccnc(c2ccc(N1CCCC1)cc2)c3)cc4,FC(F)(F)c2ccc(c1ccc(C(F)(F)F)cn1)nc2,0.135446181
COc3ccc(c2cc(c1ccccc1)ccn2)cc3,FC(F)(F)c2ccc(c1ccc(C(F)(F)F)cn1)nc2,1.07E-05
COc3ccc(c2cc(c1ccccc1)c(C)cn2)cc3,FC(F)(F)c2ccc(c1ccc(C(F)(F)F)cn1)nc2,1.07E-05
CCc2ccc(c1cccc(OC)c1)nc2,FC(F)(F)c2ccc(c1ccc(C(F)(F)F)cn1)nc2,1.07E-05
COc3cccc(c2cc(c1ccccc1)ccn2)c3,FC(F)(F)c2ccc(c1ccc(C(F)(F)F)cn1)nc2,1.07E-05
COc2ccc(c1ccc(C)cn1)cc2,FC(F)(F)c2ccc(c1ccc(C(F)(F)F)cn1)nc2,0.113832429
COc3cccc(c2cc(c1ccccc1)c(C)cn2)c3,FC(F)(F)c2ccc(c1ccc(C(F)(F)F)cn1)nc2,1.07E-05
c4ccc(c3ccnc(c2ccc1ccccc1c2)c3)cc4,FC(F)(F)c2ccc(c1ccc(C(F)(F)F)cn1)nc2,1.07E-05
FC(F)(F)Oc3ccc(c2nc1ccccc1s2)cc3,FC(F)(F)c2ccc(c1ccc(C(F)(F)F)cn1)nc2,1.07E-05
c4ccc3cc(c2nc1ccccc1o2)ccc3c4,FC(F)(F)c2ccc(c1ccc(C(F)(F)F)cn1)nc2,0.18448704
c2ccc(c1ccccn1)cc2,COc2ccnc(c1cc(OC)ccn1)c2,0.486374924
Cc2ccc(c1ccc(F)cc1F)nc2,COc2ccnc(c1cc(OC)ccn1)c2,0.30572138
Cc2ccc(c1ccccc1)nc2,COc2ccnc(c1cc(OC)ccn1)c2,0.629426372
c2ccc(n1cccn1)cc2,COc2ccnc(c1cc(OC)ccn1)c2,0.89168736
c1ccc3c(c1)ccc2cccnc23,COc2ccnc(c1cc(OC)ccn1)c2,0.89168736
Cc3ccc(c2ccc(c1ccccc1)cc2)nc3,COc2ccnc(c1cc(OC)ccn1)c2,0.89168736
Cc2ccc(c1ccc(F)cc1)nc2,COc2ccnc(c1cc(OC)ccn1)c2,0.535012416
c3ccc(c2nc1ccccc1s2)cc3,COc2ccnc(c1cc(OC)ccn1)c2,1.33753104
c3ccc(c2nc1ccccc1o2)cc3,COc2ccnc(c1cc(OC)ccn1)c2,0.66876552
Cc3ccc(c2nc1ccccc1o2)cc3,COc2ccnc(c1cc(OC)ccn1)c2,0.972749847
COc3ccc(c2nc1ccccc1s2)cc3,COc2ccnc(c1cc(OC)ccn1)c2,1.528606903
COc3ccc(c2nc1ccccc1o2)cc3,COc2ccnc(c1cc(OC)ccn1)c2,0.972749847
Fc3ccc(c2nc1ccccc1o2)cc3,COc2ccnc(c1cc(OC)ccn1)c2,0.396305493
Clc3ccc(c2nc1ccccc1s2)cc3,COc2ccnc(c1cc(OC)ccn1)c2,1.78337472
Clc3ccc(c2nc1ccccc1o2)cc3,COc2ccnc(c1cc(OC)ccn1)c2,0.19454997
Cc2ccc(c1ccc(Cl)cc1)nc2,COc2ccnc(c1cc(OC)ccn1)c2,0.563170964
FC(F)(F)c3ccc(c2nc1ccccc1s2)cc3,COc2ccnc(c1cc(OC)ccn1)c2,1.528606903
FC(F)(F)c3ccc(c2nc1ccccc1o2)cc3,COc2ccnc(c1cc(OC)ccn1)c2,0.972749847
Cc2ccc(c1cccc(C#N)c1)nc2,COc2ccnc(c1cc(OC)ccn1)c2,0.324249949
COc2cccc(c1ccc(C)cn1)c2,COc2ccnc(c1cc(OC)ccn1)c2,1.07E-05
Cc2ccc(c1ccc(S(C)(=O)=O)cc1)nc2,COc2ccnc(c1cc(OC)ccn1)c2,0.972749847
Cc2ccc(c1ccc(OC(F)(F)F)cc1)nc2,COc2ccnc(c1cc(OC)ccn1)c2,0.314713186
Cc3ccc(c2ccc1ccccc1c2)nc3,COc2ccnc(c1cc(OC)ccn1)c2,0.509535634
Cc2ccc(c1ccc(C)cn1)cc2,COc2ccnc(c1cc(OC)ccn1)c2,0.411548012
Cc4ccc(c3ccc(N(c1ccccc1)c2ccccc2)cc3)nc4,COc2ccnc(c1cc(OC)ccn1)c2,0.201891478
c4ccc(c3ccc(c2cc(c1ccccc1)ccn2)cc3)cc4,COc2ccnc(c1cc(OC)ccn1)c2,1.78337472
Fc2ccc(c1ccccn1)cc2,COc2ccnc(c1cc(OC)ccn1)c2,0.89168736
Cc2ccc(c1cccc(F)c1)nc2,COc2ccnc(c1cc(OC)ccn1)c2,1.18891648
Cc2ccc(c1ccccc1F)nc2,COc2ccnc(c1cc(OC)ccn1)c2,0.764303451
Cc2ccc(c1ccc(F)c(C(F)(F)F)c1)nc2,COc2ccnc(c1cc(OC)ccn1)c2,0.281585482
Cc2ccc(c1cccc(Cl)c1)nc2,COc2ccnc(c1cc(OC)ccn1)c2,1.18891648
c2ccc(Cc1ccccn1)cc2,COc2ccnc(c1cc(OC)ccn1)c2,0.107002483
Cc2ccc(c1ccc(C#N)cc1)nc2,COc2ccnc(c1cc(OC)ccn1)c2,0.486374924
CCc2ccc(c1ccccc1)nc2,COc2ccnc(c1cc(OC)ccn1)c2,0.713349888
Cc2cnc(c1ccccc1)cc2c3ccccc3,COc2ccnc(c1cc(OC)ccn1)c2,0.764303451
Fc3ccc(c2cc(c1ccccc1)ccn2)cc3,COc2ccnc(c1cc(OC)ccn1)c2,1.78337472
CCc2ccc(c1ccc(Cl)cc1)nc2,COc2ccnc(c1cc(OC)ccn1)c2,0.713349888
Clc3ccc(c2cc(c1ccccc1)ccn2)cc3,COc2ccnc(c1cc(OC)ccn1)c2,1.528606903
c4ccc(c3ccnc(c2ccc(N1CCCC1)cc2)c3)cc4,COc2ccnc(c1cc(OC)ccn1)c2,0.112634193
COc3ccc(c2cc(c1ccccc1)ccn2)cc3,COc2ccnc(c1cc(OC)ccn1)c2,1.33753104
COc3ccc(c2cc(c1ccccc1)c(C)cn2)cc3,COc2ccnc(c1cc(OC)ccn1)c2,0.89168736
CCc2ccc(c1cccc(OC)c1)nc2,COc2ccnc(c1cc(OC)ccn1)c2,0.098167416
COc3cccc(c2cc(c1ccccc1)ccn2)c3,COc2ccnc(c1cc(OC)ccn1)c2,0.095537931
COc2ccc(c1ccc(C)cn1)cc2,COc2ccnc(c1cc(OC)ccn1)c2,1.18891648
COc3cccc(c2cc(c1ccccc1)c(C)cn2)c3,COc2ccnc(c1cc(OC)ccn1)c2,1.07E-05
c4ccc(c3ccnc(c2ccc1ccccc1c2)c3)cc4,COc2ccnc(c1cc(OC)ccn1)c2,0.823096024
FC(F)(F)Oc3ccc(c2nc1ccccc1s2)cc3,COc2ccnc(c1cc(OC)ccn1)c2,1.78337472
c4ccc3cc(c2nc1ccccc1o2)ccc3c4,COc2ccnc(c1cc(OC)ccn1)c2,0.486374924
